filename,label
devel_036.wav,negative
devel_125.wav,negative
devel_189.wav,negative
devel_210.wav,negative
devel_040.wav,negative
devel_142.wav,negative
devel_094.wav,negative
devel_151.wav,negative
devel_173.wav,negative
devel_011.wav,negative
devel_163.wav,negative
devel_197.wav,positive
devel_065.wav,negative
devel_184.wav,positive
devel_074.wav,negative
devel_103.wav,negative
devel_067.wav,negative
devel_066.wav,negative
devel_207.wav,negative
devel_123.wav,positive
devel_075.wav,negative
devel_135.wav,negative
devel_062.wav,negative
devel_052.wav,negative
devel_136.wav,positive
devel_111.wav,negative
devel_019.wav,positive
devel_023.wav,negative
devel_027.wav,negative
devel_003.wav,negative
devel_009.wav,negative
devel_083.wav,negative
devel_164.wav,negative
devel_172.wav,negative
devel_109.wav,negative
devel_170.wav,negative
devel_113.wav,negative
devel_202.wav,positive
devel_100.wav,negative
devel_131.wav,negative
devel_026.wav,negative
devel_112.wav,negative
devel_185.wav,negative
devel_143.wav,positive
devel_175.wav,negative
devel_021.wav,negative
devel_088.wav,negative
devel_219.wav,negative
devel_092.wav,negative
devel_097.wav,negative
devel_145.wav,positive
devel_033.wav,positive
devel_049.wav,positive
devel_059.wav,negative
devel_050.wav,negative
devel_078.wav,negative
devel_176.wav,negative
devel_041.wav,negative
devel_017.wav,positive
devel_213.wav,positive
devel_201.wav,negative
devel_226.wav,positive
devel_072.wav,positive
devel_071.wav,negative
devel_205.wav,negative
devel_086.wav,negative
devel_209.wav,negative
devel_155.wav,negative
devel_053.wav,negative
devel_179.wav,negative
devel_029.wav,positive
devel_187.wav,negative
devel_141.wav,positive
devel_208.wav,negative
devel_005.wav,negative
devel_159.wav,negative
devel_161.wav,negative
devel_166.wav,negative
devel_095.wav,negative
devel_044.wav,negative
devel_183.wav,negative
devel_082.wav,negative
devel_224.wav,negative
devel_171.wav,negative
devel_211.wav,positive
devel_132.wav,negative
devel_024.wav,negative
devel_216.wav,negative
devel_191.wav,positive
devel_015.wav,negative
devel_008.wav,negative
devel_002.wav,negative
devel_134.wav,negative
devel_054.wav,negative
devel_149.wav,negative
devel_133.wav,negative
devel_167.wav,positive
devel_034.wav,negative
devel_063.wav,negative
devel_162.wav,negative
devel_177.wav,negative
devel_102.wav,negative
devel_016.wav,negative
devel_180.wav,negative
devel_091.wav,negative
devel_225.wav,positive
devel_085.wav,positive
devel_079.wav,negative
devel_114.wav,positive
devel_147.wav,negative
devel_119.wav,negative
devel_006.wav,positive
devel_099.wav,positive
devel_212.wav,negative
devel_144.wav,negative
devel_030.wav,negative
devel_169.wav,negative
devel_081.wav,negative
devel_121.wav,positive
devel_087.wav,negative
devel_118.wav,positive
devel_104.wav,negative
devel_073.wav,negative
devel_061.wav,negative
devel_153.wav,negative
devel_198.wav,negative
devel_217.wav,negative
devel_039.wav,negative
devel_116.wav,negative
devel_137.wav,negative
devel_042.wav,negative
devel_038.wav,negative
devel_068.wav,positive
devel_230.wav,positive
devel_046.wav,negative
devel_138.wav,negative
devel_035.wav,negative
devel_126.wav,negative
devel_223.wav,positive
devel_204.wav,negative
devel_022.wav,negative
devel_012.wav,negative
devel_188.wav,negative
devel_106.wav,negative
devel_227.wav,negative
devel_206.wav,negative
devel_045.wav,positive
devel_108.wav,negative
devel_130.wav,negative
devel_043.wav,negative
devel_028.wav,negative
devel_128.wav,negative
devel_218.wav,negative
devel_150.wav,negative
devel_178.wav,negative
devel_127.wav,negative
devel_192.wav,negative
devel_146.wav,negative
devel_129.wav,negative
devel_115.wav,negative
devel_120.wav,negative
devel_156.wav,negative
devel_004.wav,negative
devel_199.wav,negative
devel_215.wav,negative
devel_174.wav,positive
devel_158.wav,negative
devel_001.wav,positive
devel_014.wav,positive
devel_182.wav,positive
devel_058.wav,negative
devel_090.wav,negative
devel_110.wav,positive
devel_196.wav,negative
devel_160.wav,negative
devel_025.wav,positive
devel_154.wav,negative
devel_107.wav,negative
devel_139.wav,negative
devel_070.wav,positive
devel_032.wav,negative
devel_222.wav,positive
devel_193.wav,positive
devel_048.wav,negative
devel_221.wav,positive
devel_055.wav,negative
devel_117.wav,negative
devel_080.wav,negative
devel_186.wav,negative
devel_007.wav,negative
devel_069.wav,negative
devel_093.wav,negative
devel_013.wav,negative
devel_124.wav,negative
devel_060.wav,negative
devel_010.wav,negative
devel_157.wav,negative
devel_165.wav,negative
devel_140.wav,negative
devel_047.wav,positive
devel_181.wav,negative
devel_076.wav,negative
devel_098.wav,positive
devel_152.wav,negative
devel_056.wav,negative
devel_231.wav,negative
devel_096.wav,negative
devel_077.wav,negative
devel_051.wav,positive
devel_057.wav,negative
devel_020.wav,negative
devel_122.wav,positive
devel_064.wav,negative
devel_037.wav,positive
devel_200.wav,negative
devel_084.wav,positive
devel_105.wav,negative
devel_018.wav,negative
devel_031.wav,negative
devel_203.wav,negative
devel_194.wav,positive
devel_168.wav,negative
devel_214.wav,negative
devel_229.wav,negative
devel_195.wav,negative
devel_190.wav,positive
devel_220.wav,negative
devel_148.wav,negative
devel_089.wav,negative
devel_228.wav,negative
devel_101.wav,negative
