filename,label
train_057.wav,negative
128aac08-4a43-4a36-ac34-5f294d90ca2e.wav,positive
euld60aqc2OtnNoKYx9P4WDzVM92_heavy.wav,positive
Ojcz6oRGwLdnOTR7ptVULuG4s8b2.wav,positive
86b4b29b-2c0f-40e3-9d37-644b492ea570.wav,positive
bb4f22b6-cbd1-4e7a-9293-54766b50468e.wav,positive
774bafb8-5d1c-42c5-a0a8-91ba0a85a04b.wav,positive
train_206.wav,negative
HYGtUoMDukOlfkkQ7rgRPhuKorA3.wav,positive
7IeLM4Wp0tOmjNfel0c9yK9gYVV2.wav,positive
ab5f091d-dfc6-4477-b584-ad2a8c1e804e.wav,positive
8UdvlhiJqYY2AWjGtBu0Vd3SSTP2.wav,positive
4qLi2eWkYGasKhmmPPiyFAGUqBr2.wav,positive
5648bc0c-24f9-430c-bdbe-8f81522b8fc3.wav,positive
9b58b701-9384-4216-ab49-c6373b6dd8b4.wav,positive
x89c2X4Q5LdiRvU9XWVkU1XXLE13.wav,positive
6ac1cde9-7727-49d2-848c-983e2e541845.wav,positive
b73530b6-f66b-4599-af9a-4066253bae7f.wav,positive
3bc2b14b-0b81-40bc-b6db-6f8864ede96a.wav,positive
8EUkoDkeGddD0Vcnwu35XuxOhDt1.wav,positive
1fcd577a-af2b-4352-a735-a1d1a7e7d0b1.wav,positive
9b1c4078-453a-42e9-8c5d-beae21d02fd8.wav,positive
3qA9Ym3caTbMsegKE0yUvLdapHi1.wav,positive
Uju7jUdiN7VA8j1dI3MQoktzzIV2_heavy.wav,positive
train_281.wav,negative
b138e68b-b8a7-4144-af49-57cb00f9eb6d.wav,positive
1e5944a9-49aa-46aa-8066-dd6cc82c9e28.wav,positive
31b8dc8d-3fbd-4e0c-bbae-def12bc16ea2.wav,positive
iYM9uJMyO1UoXTo1tc7rXvsI4bm1_heavy.wav,positive
cd9de27d-87fa-43e6-a452-8cdaba3eae4c.wav,positive
cGsyomvRhzLiAzPk98QyHu8988q2_heavy.wav,positive
mmg71cttF0ez7wdeTZeCVFw7GV32.wav,positive
f4e4e818-c210-4c9e-bdca-c1cf1af1e144.wav,positive
cRKKIIXiXQUgy3HHRhOoXl3Cfn93.wav,positive
T190nKNqKoPk02FHlHYJTBDUnPA2.wav,positive
3b018a2b-59a9-484b-a71e-437fb96698ab.wav,positive
e92ed6f0-70a8-425f-8dee-1b0443381224.wav,positive
RmWwhKI8kjPi5qN9H740rfm0jHA2.wav,positive
8cd3924c-58ef-44fa-8080-4fca62aa05f4.wav,positive
874f9743-b74a-41bc-aa26-609089ca3afd.wav,positive
xH2X6KXzfefgZFURY27gKT30ysR2.wav,positive
148a8b39-dc61-4a96-a3c1-819bf29852d9.wav,positive
43d84d62-8837-479b-bcb6-30effd9ecbc3.wav,positive
af89b4c6-a942-4dbd-9efb-cc0ae79a9acf.wav,positive
e804a68f-0030-4b55-b452-a2fa4f6211ed.wav,positive
e60eac7b-a53f-4f66-ab6b-3a57b8dabf8a.wav,positive
d57d4c31-4f34-41cd-9fdf-84e4df3f2dcc.wav,positive
wXChdMlWemXwRdX642WnX6JbYfA2_heavy.wav,positive
2lsppspH44WH3Scc1ojisHaXJzp1_heavy.wav,positive
4e47612c-6c09-4580-a9b6-2eb6bf2ab40c.wav,positive
HwUhcAKwJIeckUi86cbzb3sTr5m2.wav,positive
f4024315-2f10-4142-bd86-8580cf43ac63.wav,positive
3FC5FIdqx5S5mB69VSxhduD1q0H3_heavy.wav,positive
46bIeJk9J8XrD4ND2IPRMQzjJBt2.wav,positive
72863bef-2073-4e5a-b289-0954a977d25e.wav,positive
G5wWAa7nvkOR9QvfsAt7tsd5qa82_heavy.wav,positive
5d7dd9db-a984-4669-ae06-c4145d4067a7.wav,positive
TlZeYdISczYnBtyApltf2DUIKcy2.wav,positive
train_205.wav,positive
2c70a831-dc41-4d4b-85e8-07c4499b54fe.wav,positive
c55e4ac5-03f1-4432-ada6-be2c30e76bcb.wav,positive
a0f11dec-e546-4869-a284-cffeeb231c6e.wav,positive
a90e4cd2-08f3-4fe0-8cdb-eb9d3cbba048.wav,positive
79083b4c-387a-42dc-a3b1-7e32e155ebe0.wav,positive
b2120660-071a-4bbb-ba7f-851dea0077cd.wav,positive
4fa54167-06c6-485a-a7b5-4b3696aa1393.wav,positive
MBFsLtO6sIf2SGCEfNT2K91gLcy1_heavy.wav,positive
bbe5b8d6-21cf-4718-b263-0fb779d13784.wav,positive
train_109.wav,negative
train_116.wav,negative
YRiIODBG3RXPbDttwztMhsXg1rv2.wav,positive
2cfedb0d-fc29-4b83-95e5-3652ce77614d.wav,positive
e397e500-7d0f-4a91-86f7-1111a3ddebe1.wav,positive
train_286.wav,negative
e4ec845a-b80b-409b-afa0-81abc3ae3dc7.wav,positive
ag9tjfqb9jVJmaWz8GnbBxsuKm92_heavy.wav,positive
train_195.wav,positive
72eb0edc-42e6-40b5-b788-39d8dae7f353.wav,positive
9a927cb5-465b-48a3-a36d-6411f5878790.wav,positive
train_211.wav,negative
0d92ab37-f93e-46c6-a89d-e3b7617621c5.wav,positive
45bb4c42-6caa-429f-ac2a-e8e80f4d372e.wav,positive
bd2778b5-c82c-436f-a0f5-4e3209c6eed7.wav,positive
ef3f4a93-0a99-4361-8132-5b41fa26610c.wav,positive
train_204.wav,negative
b74176fe-cc78-4daa-8541-10ba8968439d.wav,positive
wfrSZJ0FrZMpM33MF8nQU1fiTCI2_heavy.wav,positive
a1f69db9-81f4-4a07-9808-dd1c99053125.wav,positive
train_071.wav,negative
NdKb06TNBJf7YHQwfJ9O6eT7fP72.wav,positive
iYM9uJMyO1UoXTo1tc7rXvsI4bm1.wav,positive
4b910657-348b-4a87-bf93-257fd2081cfa.wav,positive
4ce78dd6-47b6-4228-b38c-2efc28908286.wav,positive
913c4ae7-9245-458d-9ea2-6a2fea6042f8.wav,positive
IUMKHMLvwOWdQgn7cbonw36vNzF2.wav,positive
xVC8kMuWNme6VSFOvNVT0j21Qw12.wav,positive
7a710fd5-e0af-4a11-a761-7e38d3fa5fc6.wav,positive
fnNx5YGGVbZ4H8HtWucxTmQlt7y1_heavy.wav,positive
YA7NFQZSqwUZUJGPAh5tRe22woB2_heavy.wav,positive
train_144.wav,negative
fd8d6e46-75de-42b3-a7ef-30d5294b915d.wav,positive
train_015.wav,negative
4c71fdad-b09a-43be-b8d4-8cd3520c1aa2.wav,positive
u7b9tNSshrPFYAno8H85DgImH1B3_heavy.wav,positive
c55c80cd-16cd-46ba-9da5-36165ba36c81.wav,positive
WW9oVXsc3XdK0oO5RdE6WiQcz4k2.wav,positive
s1x2Ze9iVZNf6oFZDAZ4S9x3Cky2.wav,positive
0aa64689-c48a-421d-b353-c3496bad51ed.wav,positive
0ef3c0bc-56c3-44da-bea0-dc31a158414a.wav,positive
gFmySpqfQ7YrYqMrmrMPO7AzmBm1_heavy.wav,positive
033da4e3-7365-4adc-9252-7347816e4e77.wav,positive
dafb1d87-3051-40d9-9caa-02e056ad0837.wav,positive
kAnUnZf9b6d4bkjJCawv0nCGJUI2.wav,positive
HYGtUoMDukOlfkkQ7rgRPhuKorA3_heavy.wav,positive
MBFsLtO6sIf2SGCEfNT2K91gLcy1.wav,positive
MBs72wy9MATqbupZbIaYYCzj7dg1.wav,positive
7288ad05-549c-4cba-b2c2-1c3ee850e750.wav,positive
f9LON5JU5reyllM213wpaoJqUSu2.wav,positive
c91f755a-e37e-4106-a90a-bb0672fdfd24.wav,positive
train_253.wav,positive
0640716b-e287-4181-a653-5b798e8308c8.wav,positive
0b4552b2-8dbe-4dd3-9825-5d453e4b5b3a.wav,positive
285e7f6f-503a-41f0-ac3b-173433a8cf40.wav,positive
2efb0a76-18e3-40a5-b660-af8c19c9df10.wav,positive
0762cd0a-5ce6-4b1b-9374-5d4396c218ed.wav,positive
13a65aef-e26d-4748-be3f-df3cdb226068.wav,positive
h5e7Ff7hWON2RPULdDCxad7xpGv2_heavy.wav,positive
f64f33a5-b6e1-4d5c-ab1b-8d48dd826440.wav,positive
ed19d797-397f-4218-8412-14d7f5c25780.wav,positive
ptuwF1pj4ibIoVuZmt4nKb5naiZ2.wav,positive
XwPxN3JASwgk13QZUviNawM7k0v1.wav,positive
72bd6d64-d1f4-4608-87ba-7ca309dadedf.wav,positive
wT7dq6w2AogoT6LyFNeKDhNSpzN2.wav,positive
XpMEOhbTdsSYUjo2zsmVjnVOsoK2_heavy.wav,positive
81234f36-5600-4a20-b1b3-3465686b0d4f.wav,positive
E3nlERKGBPcSO2PjEDJ6GrRKiy73_heavy.wav,positive
ymX9t6DWDHZTs28MODDSxDaOj4n2_heavy.wav,positive
Tpz3FMkc1NPmXLufylt9YVf9NQG3.wav,positive
iZa9QuNqinWMeMTdwFstfYRpw4J3.wav,positive
train_230.wav,negative
054ba6b6-35c9-4b73-9016-0a132bb6d166.wav,positive
8f71d0b4-c179-44a9-afb5-cc85047aca9d.wav,positive
9031d3b2-4019-403f-9c71-f387e6b60a82.wav,positive
abbff660-5d13-4c31-b842-bbf2189ff14e.wav,positive
6352a786-97a0-4d0a-9dcd-5c68c8effb9b.wav,positive
939a9bf3-e49b-415e-a24f-ca554d5decdc.wav,positive
OnYf35hpRnNpCxV6vTU9n2ETMiD2_heavy.wav,positive
yfPjZBFWOihN0YDhKla7wWDoVCA2.wav,positive
gpreuyMvtSa8HJhGaliJ6E1Hwx53_heavy.wav,positive
24d2cb5d-b3fd-44c6-9634-00d350c52dbd.wav,positive
4RTWSyPKTdc7aRr4ocbrk5m153M2.wav,positive
Z8ulmLPAsmhYfYuqUAmm6aGy5r53_heavy.wav,positive
42dcff9d-b2e1-4b9e-bd93-81a0a100d232.wav,positive
ymX9t6DWDHZTs28MODDSxDaOj4n2.wav,positive
e4739ce1-f3e5-4af2-adb5-98f022c50bf7.wav,positive
f7f2f111-2861-4eda-a25e-ec6c90b87c2a.wav,positive
gxbBHDQWiSWdAnKyqT0BMuH9T2k1_heavy.wav,positive
s1x2Ze9iVZNf6oFZDAZ4S9x3Cky2_heavy.wav,positive
605fdac6-4f20-450f-b3ec-5232c5173ae7.wav,positive
B3QbrMswB6RosVMO4OtvlHi73Ec2_heavy.wav,positive
8ac2ef46-05fb-4f68-bb2d-ca5b1e51ed7f.wav,positive
4bnHQCj8tnSEx37AR5HiQAH2vB32.wav,positive
train_099.wav,negative
20602da6-a92f-40ad-81d2-1688f5f1fcde.wav,positive
x89c2X4Q5LdiRvU9XWVkU1XXLE13_heavy.wav,positive
d5ae4279-5716-4658-ba24-8cb5cf87f40d.wav,positive
vKxrwOtywRNOu6bZQTR8sGj0tbv2.wav,positive
0Js6ZUZQ9NUnu568Fh7B6mZ1R8o1_heavy.wav,positive
3eb99a71-eda9-4678-a328-713893887d04.wav,positive
train_198.wav,negative
9bdf049e-e4db-4781-af48-f09a81dd9af9.wav,positive
imaxvQ1daYhtvhpulzgQy4t6VMl2_heavy.wav,positive
19TcpGAeIyeLxS55XA6xxH285uz2_heavy.wav,positive
920ae37e-af2e-4e43-a80e-2150a66db6b1.wav,positive
1d471862-8805-411b-bd10-2b8e9ffdf718.wav,positive
PoxsEOv7MmbHaY4qT3wNcK8GWrV2_heavy.wav,positive
QFxGVP17oxZUKUsuaW0O32qFdoT2.wav,positive
kBFDtvAVY9QYbi7YHYgd7tNpsWx1_heavy.wav,positive
HATVkqrdXhV2eIiwy5iIP7V0bjo2_heavy.wav,positive
cQEUPCFkSBfwuTsWap02ban51g82_heavy.wav,positive
03c1afa7-eee5-4c18-bd40-c4d91e6d320e.wav,positive
95c41fec-38ea-4144-a071-22baf4981bdb.wav,positive
b3f1d84f-c783-453d-900b-f9bec047cb30.wav,positive
9Wkd6QJdpBNEosMpzYhFwZjBJX92_heavy.wav,positive
lVHnQ9UNkAYmjNm7wL885LzpsOk2.wav,positive
dc245a1e-cce1-47f4-914f-e4fa8dbd9917.wav,positive
BauEFEXAglbZSSgJEYGF4FqluZG3.wav,positive
9c9d5f33-e8e4-4483-a9ba-992fe633e486.wav,positive
T190nKNqKoPk02FHlHYJTBDUnPA2_heavy.wav,positive
train_240.wav,positive
259ecdd2-5641-4b33-966d-7cf0b3af87a5.wav,positive
658daf16-7fc3-4640-911e-81dac60a2df9.wav,positive
train_276.wav,negative
1aPZz1jeoBcw9B046d504mn4cq82.wav,positive
train_148.wav,negative
Fx2gbIoPlJXrK5OD8FMeepOGlLa2_heavy.wav,positive
864b3b33-c30b-4215-a6ad-66be69c07197.wav,positive
ab5bf43c-a256-448d-bc8d-b603f60a564d.wav,positive
b7mMUQm5bObj1jwGFaNyaR07pt83_heavy.wav,positive
ByJgkN2PApVkDJfUN5wp1gUuxt52_heavy.wav,positive
f18097f1-d7d5-4566-a7f1-dce0f2e8da87.wav,positive
4fc9a8e3-909a-4e92-9621-d5e578817f21.wav,positive
YHHZYBxPHsUWYITjtMRAixs3DX42_heavy.wav,positive
fX1IzMBBKwXISMTgnZUFQa6o5Rh2.wav,positive
train_231.wav,negative
HdrqqQ7ijlPhesMLkVgZlG81nba2_heavy.wav,positive
beb10920-1bf0-42af-ada7-b73e73919bfa.wav,positive
3ff2bbaa-b561-46f2-b908-5f9b72758311.wav,positive
86e08bf0-623f-43ad-b26a-d2b4c7c1f350.wav,positive
8b50115d-5e51-4fa0-9521-f6ecc0b6527d.wav,positive
25b750e5-8a76-4c13-9fd8-851e45d1b5ed.wav,positive
hNAGUEhL2Nh7V89at3yFEjQYo6c2_heavy.wav,positive
train_064.wav,negative
iS29Ewab4XQHypUcZLygL7AYH6J2_heavy.wav,positive
rCsX9988lSeyFudpTucks6czFo32.wav,positive
a49d942a-331a-49b5-b755-8659a12fac07.wav,positive
0ed846f2-5ce3-4f7f-9f60-b0258ab2047e.wav,positive
AVbhXf3KiUf9ZmkjvWzDOxevAPH2_heavy.wav,positive
dRk3UOvfOMXyuSEddsNcpIqqN8u2.wav,positive
train_009.wav,negative
v4G9xCIR9DdWAiFRSNd4XbwPUP32_heavy.wav,positive
fba274ec-480f-4899-85f8-21ef995dfc44.wav,positive
h4T9i8JwCEbfw4hzNowalt393Wp1.wav,positive
981441a4-89d8-43c5-8e43-3768968fa614.wav,positive
hLVaY0Dox1bLCTAqoq0wKKOqBjc2.wav,positive
0MVnLUuWMBdzmvRDgLvi4TRl4Zf1.wav,positive
EuEoeANAhadcy5vzBikn3LxlGKh1.wav,positive
c6fb2de6-86a6-4704-b267-11c0031431f2.wav,positive
edd0f863-340f-4e5b-b4ce-a0ef86db8d9a.wav,positive
6c076190-d355-49cb-a87e-88a4c0766853.wav,positive
ae5dcf74-bf11-47a3-b0d6-c668a0794d8a.wav,positive
b7247ef5-ae4e-4d95-8e7a-f300d00e4aee.wav,positive
YQzhlTCYjlgentYYTgVEDgNPapN2_heavy.wav,positive
2oEWhawfKmanWlvgQfkdkmgoJ9k1_heavy.wav,positive
afd37003-52a9-44ba-bcf4-7fc7d637ad37.wav,positive
2cfd466b-baa2-43f2-be7a-be2fb0e6dd66.wav,positive
YzKbMCpZxMRoab1o1d03S6e8T5P2_heavy.wav,positive
train_032.wav,positive
d1fd16e4-258e-4b20-9978-d0f6106b1d22.wav,positive
4e2812be-e8e1-4ef5-9c62-c5af106828bb.wav,positive
4730e1f6-1156-4864-ba28-2a241ecfec76.wav,positive
36e4f76f-ebb6-45e4-b246-64c8fbb9e7db.wav,positive
b60e7ee3-64c2-4982-8212-750b4dbe8c66.wav,positive
CRrk6OagJdebILgQWEGKDZXzi7z1.wav,positive
rXIdsT1LYvhumIp3ggtlrbGPAc92_heavy.wav,positive
08d5d346-6219-4e6d-ac06-ef489f2d186c.wav,positive
39a84539-2cfc-4d2f-b7b8-05ba9a8286d8.wav,positive
BZHvK60v1LY9cBfLvYkBkJxdfNz2_heavy.wav,positive
d26f6631-4e6b-4961-bb81-f6bd80fe3eff.wav,positive
9ec19e2d-53fd-46f6-94bb-465827ea98c5.wav,positive
train_125.wav,negative
22a7a419-4487-47c7-8a9e-9184a40a1d65.wav,positive
c85daa1b-6f5b-4bc7-803b-117cb57953e5.wav,positive
loK2K444HrZUD8Plzr6q3i8y4Xg1.wav,positive
ir3jqGSKT2ManVTAAzj6Ew7orBD2_heavy.wav,positive
wfrSZJ0FrZMpM33MF8nQU1fiTCI2.wav,positive
E4JCh6HgOVRX04QDLVotx8SgXVp1_heavy.wav,positive
a051a29f-4cf2-49b4-b057-f61b6b34b4fe.wav,positive
HS29AHf2AIhz8129o1BTxPfaFPT2.wav,positive
ac3929fc-e9e9-40ad-8776-28449a228857.wav,positive
31e5a9cf-6a3e-43a3-8e0f-65c99f5748e9.wav,positive
nRH1xhm8zjOVzAPYuBMgGMQtes22_heavy.wav,positive
5d1fff93-65cd-49dd-b9d4-3303e350b546.wav,positive
ffyNrzu5ZGXrZ0I7MbxBwqbtIln1.wav,positive
t0IcY0l4PcU8VicMlC1xC3taL2E2_heavy.wav,positive
xgdd8l7OfrMOkvrskW5s6fxk3mg2.wav,positive
QjBZv868nydJzk0ZzwgKDHSG6Q82.wav,positive
8a21e96c-f9a1-4d2b-97da-1f862b2fa47d.wav,positive
f86a7ab1-95d7-491a-953a-558877691ecf.wav,positive
0KSi2atlmsXNcGMfpDNzIjJSvC23.wav,positive
69e7b5c5-0469-42dd-b68f-9a7f7637425b.wav,positive
493632f2-537a-4a36-a932-268a8aa59486.wav,positive
195f9381-cf35-45da-b0ae-cc4ed04e9283.wav,positive
39e4cc19-0db4-492a-b580-9fc4e4ab62ea.wav,positive
gcBPC2UzklTmymsRwuBcQlCsb7k2.wav,positive
22fdf3c1-34b8-411f-a757-4b8cc642d190.wav,positive
509ff028-b1b2-41dd-ae5c-ccfbfe7b9838.wav,positive
GBwlY1I67YdQ47ceNFdpK87kEr33_heavy.wav,positive
xYCukI9rgMeslwjIYWheFtyZ6zk1_heavy.wav,positive
f9328b47-1943-4dea-a54a-18cc3c5d06e4.wav,positive
c591c5cf-5300-43f8-a74f-ed63ed37c1a0.wav,positive
hCix5UmABWZVW40elRFgkGabPa52_heavy.wav,positive
323a4ba5-65c8-4494-b444-f6f6d65ea095.wav,positive
0nP3dtfFxhMihttAMq1eoho5KaU2_heavy.wav,positive
DRoZujDy6CWVFL0UefbHEgCcD2l2.wav,positive
NAL6D2MCyQbiZUGtdQixl39IH3X2.wav,positive
4c86e76d-0476-4016-b26d-00e3b8a0dc01.wav,positive
TQCxi7zzXCTlowvfaJyctxGYNUx1.wav,positive
764d2729-f572-490a-8f22-1397e2e19906.wav,positive
2e4ca5b9-2e1f-4e81-b830-c75ae040dfb4.wav,positive
e136f725-f618-40e9-82e9-d4712a5479dd.wav,positive
ZaTgRbDWn9d1MMPanam0NCupVCl1_heavy.wav,positive
train_274.wav,negative
xyNunpsL01N3hkRYCo7pfIkSDgf2.wav,positive
96532d0b-e033-4bdc-be04-a1c0eb3e3b24.wav,positive
306ec0c0-fb62-4471-a2d7-d05b752a7268.wav,positive
9bbc6186-f18d-4a96-b92b-37d25b390bdf.wav,positive
4ySGp3wKh0dbtEap33yRsDv3LE73_heavy.wav,positive
owZvvdKAOXPqHD3yXUpkORYsV0H3.wav,positive
train_061.wav,positive
iOx0zPyPiMZjCWXuf3RGu8HKq8k1.wav,positive
train_115.wav,negative
xtfp7P3edRNGnQniJlEUvTXGPoq2.wav,positive
RvmNXu1ssYaqxW3U5WXnX5aNOVU2.wav,positive
train_028.wav,negative
240021ec-048e-431d-9548-11d7c234389e.wav,positive
ffXE7VADnca3RAVTmQd60PrIRfk2.wav,positive
train_060.wav,positive
ae5570c6-766e-4e22-bcd3-a7ab006d5d82.wav,positive
f7d1f28a-e3a8-4dd9-b7ec-93e04ee023a0.wav,positive
1a0d7c38-e644-4c5d-9ba0-bf9bdc0bffd6.wav,positive
96678e97-6a39-4932-9c5d-13981167bbd8.wav,positive
Okal6T0guFZi4Slm4k4MEyuCnyv1_heavy.wav,positive
2035c7cc-128a-4ffa-9c96-e8bd59815210.wav,positive
126b940c-b6c6-4d3d-adc2-92aafab911b4.wav,positive
tDjXrO1dI4O35JJXPL3ihLvnAzl1_heavy.wav,positive
6ZovArshO1MTe2tpxFWrHmORa2R2.wav,positive
lN052zCWrOOH1v9C4wYibgJDZA62_heavy.wav,positive
train_182.wav,negative
8812a094-a8c5-42b6-88c1-ab78e1bef223.wav,positive
ec497704-7e20-443a-a27f-9ce1926cc50a.wav,positive
train_052.wav,negative
h5dpLhaJtJbFGAGIaxq3z2KYv1u1_heavy.wav,positive
1b6f0f82-1aa5-423d-b4b0-e4244bb8960c.wav,positive
MF5f99sONpcYl5fYsVzh32XwSmm2_heavy.wav,positive
4bnHQCj8tnSEx37AR5HiQAH2vB32_heavy.wav,positive
L9QbDvX4UtMhFOsYuh2aamY3VK23.wav,positive
dFtGnzYqh1NVAwQUQ3wkysqAe3n1_heavy.wav,positive
train_156.wav,negative
10b0f1cf-9c94-4ece-92fa-207f102e34dd.wav,positive
8e03e0f4-c66b-41d2-b4bd-78e2d808f6cf.wav,positive
6d941efe-43f9-4a64-8172-58cbb20400ab.wav,positive
OnYf35hpRnNpCxV6vTU9n2ETMiD2.wav,positive
N5TW03mmoXTTHqfhENFFJgSA8ni1.wav,positive
train_140.wav,negative
YRiIODBG3RXPbDttwztMhsXg1rv2_heavy.wav,positive
936268f0-41a3-421d-bd18-8e69e597e84c.wav,positive
TQCxi7zzXCTlowvfaJyctxGYNUx1_heavy.wav,positive
Eg9ruIHboWO7h59MkqSHGAjgZyz1.wav,positive
uAEOVPr487bFnks4dvytsxJQZP02.wav,positive
ZIzrdWNQK1Xhn6o6jrzSVBMdphp2_heavy.wav,positive
C1jXleNkfzaI6sbPJL883EGGRLj2_heavy.wav,positive
684c1be1-e790-4f4f-a84a-ab7834310c5b.wav,positive
ff68cc55-6fb0-4d41-831f-3642511ad303.wav,positive
RUnaVFVJiLh22WD0dBl3TeJgmMI3_heavy.wav,positive
DqztVX8gWrOi4il3xouSTV4FwyC3_heavy.wav,positive
e1259ecf-0b60-4106-9852-61c945065ab1.wav,positive
FC4RKq4W8uRrjmin8n2BXC4SrnU2_heavy.wav,positive
d2c91dbb-f9d3-4d93-ac4d-1b0245631c82.wav,positive
lpohIzcDNEg3DR38ku43WHiCkC42.wav,positive
4efe63d6-2447-4bab-a6df-8f95ffaf4a7f.wav,positive
8debc554-dee0-49c8-8a54-34c26de4190d.wav,positive
aDAVgxAXQOdOakIroRdHwpL867v2.wav,positive
train_058.wav,negative
ec1c43c9-5043-4735-9f66-905e47e22b48.wav,positive
cfbda12e-fdc6-4749-a7ec-3a81c3106317.wav,positive
e048aa97-7313-48f8-99f7-0f2795bf4a48.wav,positive
ed4ba184-bc38-4372-84c0-62485a79ec1b.wav,positive
rjCqyoFoReUh6bjdZ7DTaRZLpt13_heavy.wav,positive
train_177.wav,negative
train_094.wav,negative
0mGUoJiJnuhfNodzOrMwjcGftPD2_heavy.wav,positive
CUCqq4q5SQa3fDkpraekej7fNza2.wav,positive
nC130uADRFZF5vae8qZt2qmpbpi1.wav,positive
1b7a8173-80be-4905-bdaa-b471b228b1ed.wav,positive
6cc200db-e499-4074-906e-8c335c298fcd.wav,positive
ccadaa01-d1a4-4c3b-9548-37211c38694e.wav,positive
iaLzL5BAVHXg0Ng0Phw6WMZHEkg2.wav,positive
8d33620a-f041-4c6c-b55d-78c1ac9eb8e5.wav,positive
train_179.wav,negative
001d8e33-a4af-4edb-98ba-b03f891d9a6c.wav,positive
2tjg2NfgJPaYdgTZRDUBhWm8F133.wav,positive
2d40f13a-02a0-44b4-8d85-79c129c181e2.wav,positive
train_241.wav,negative
D9EEvq1ksqN6PEWzIAy7Mu5e8jJ3.wav,positive
train_235.wav,negative
b694763f-70c6-4f29-bb00-0e8d7d7c9a0f.wav,positive
33b688eb-cae8-40cb-9d71-694f5d2f417f.wav,positive
zM5GsorprLYElGQ3uJwnU0g0Fwr1.wav,positive
MF5f99sONpcYl5fYsVzh32XwSmm2.wav,positive
bd6112e4-72e9-491d-859c-5bb9c7f04f88.wav,positive
MwT3St0uIWhMDTJwcQIRmcFUwk62.wav,positive
t5wo2qvXdBehDj8JuF9pGWbb3Rt1_heavy.wav,positive
22dcfcdd-52a8-4b42-9c50-c0a3696382a9.wav,positive
IgwjLDmZRyTv03Mq7VdUYL6O5fV2.wav,positive
Tvdak0zflIVWdvWsNj7l9Ur0k3m1_heavy.wav,positive
fd849b72-f4bf-4852-9bc2-fd9becc9571e.wav,positive
PSMPpfYMQ0MPLFeOAbb43DrmiNm2_heavy.wav,positive
ag9tjfqb9jVJmaWz8GnbBxsuKm92.wav,positive
n4iInpDT2BR5xr3Y6yNqOxvvFUm2.wav,positive
c9cd6959-0d31-4c22-a0d4-46efef8547d8.wav,positive
5c25d8f9-0c68-46b2-95be-71c84536978d.wav,positive
a13b9da9-a901-4622-9898-71f76097b98c.wav,positive
178f39e2-a261-4ec6-a8fb-3f89c3c795bb.wav,positive
62de2524-c400-459b-98a2-746e0ed84eb2.wav,positive
cd57GKgW74bBSqmusnCkc8bXujs2.wav,positive
ZaeW7vuikQgf7984JVqXYOtUQMs2.wav,positive
1NQvmLMrJyTwrmbNwAm6wDT4wpz2.wav,positive
UKrkCs1fdsVnZ7EfqWJCRxvIyZ22.wav,positive
450dbdc0-e479-43a2-b3d2-8e51b8253649.wav,positive
792aa06d-432c-4137-8cfd-042fe703d1b7.wav,positive
jQDuUZiOBuOuEfF28lMPmnCV0OO2.wav,positive
26b8be9e-74dd-4e89-ac6c-62b9994239fd.wav,positive
train_197.wav,negative
5b8a46e1-945b-4c87-847a-9bbf90a965a9.wav,positive
5998a733-5790-4918-adff-cef8e7b12a73.wav,positive
train_065.wav,negative
ByJgkN2PApVkDJfUN5wp1gUuxt52.wav,positive
train_176.wav,positive
lRCJsDl0nNPtep1Lz01vxkkF3452.wav,positive
bdd15ab3-7347-4a29-b5f2-6a63f70bfe6a.wav,positive
train_047.wav,negative
40NRJEGpU9Vg2IFXcuqCQLiKLVz1_heavy.wav,positive
2c38b55e-7a52-4b23-a4a5-f0da83cd2cba.wav,positive
XjrvY8BduPbProBlAHGDHpD2iPa2.wav,positive
4c56d691-9cda-499c-8613-59a9c5659003.wav,positive
IimA0GnOm7ZR4nEr8k0kG4eaR7A3_heavy.wav,positive
2a9b4fb5-9073-4695-a812-20bce3bb40e1.wav,positive
Kbvj1H92OLaeQy0YWHkPGvaH0hw2.wav,positive
e160b3c9-c859-4856-9c2a-23707b65fff9.wav,positive
ojZkyl3HYKh3UwCn9h1hOCT7Z4q2.wav,positive
UhYCvhOCn2erbzJc5faN4ek3D1I2_heavy.wav,positive
639c6225-edd2-4f9c-8c7f-5fedd57ef73f.wav,positive
TLuM4QmyP5QZyFdkcbXWeNhWlsj1.wav,positive
yTldbEFYIkOvoaY6f0elulpdzxQ2.wav,positive
TaoyZAahOzRoDQRxb0DtDZh8Opa2.wav,positive
0drfnqVwccT6UmgVLQEuyVglDC23.wav,positive
5607860e-70fd-4fab-8e93-158ecedabdaa.wav,positive
g8Ytx04UPzQxX4RH4ADltVtHsuO2_heavy.wav,positive
40c8aaa7-17ab-4247-8f12-e27d7f3d5d70.wav,positive
dc994f21-ea5e-4236-bc48-2fd980feb2f8.wav,positive
hte8VptUoGVFEqvHpbh5brgfcNP2.wav,positive
zGjGkKCAjkdA9S3aSreocxkWf0C2.wav,positive
iOx0zPyPiMZjCWXuf3RGu8HKq8k1_heavy.wav,positive
cLcriOknOebRZSFfeQlcUNYzbZL2.wav,positive
333NjqA1TfZJuICEdXSkPhVz0LA3_heavy.wav,positive
8EVaH2QxukMhhg0ALCubXVa3Bsl2.wav,positive
11237f1a-3eb2-4cf7-80f7-116df4b1699a.wav,positive
E4JCh6HgOVRX04QDLVotx8SgXVp1.wav,positive
6975f8d3-62e1-409f-ba3a-10f4cbbbc1ed.wav,positive
DqztVX8gWrOi4il3xouSTV4FwyC3.wav,positive
fb0971e2-8ebf-459c-972d-b09d28ae0ca6.wav,positive
333NjqA1TfZJuICEdXSkPhVz0LA3.wav,positive
f9LON5JU5reyllM213wpaoJqUSu2_heavy.wav,positive
2vH4QMrMaMMm5oZYScY0b36Z8MC3_heavy.wav,positive
iaLzL5BAVHXg0Ng0Phw6WMZHEkg2_heavy.wav,positive
d5b05c83-3dab-4fc9-8db7-9f46bcb06cac.wav,positive
train_272.wav,positive
NVzhTN4CXebH2lQVFkBTyl6ue5h2.wav,positive
train_132.wav,negative
train_248.wav,positive
Iz9X0QRimVT2R7AGhD6jZM0ryPp1.wav,positive
8EVaH2QxukMhhg0ALCubXVa3Bsl2_heavy.wav,positive
daaef351-31b8-49c3-9cbb-868adafd6fa9.wav,positive
29633954-458e-4af1-b4a7-b775ef9ce11e.wav,positive
train_086.wav,positive
9e4f4e7b-541e-4e88-80c8-458f62c12825.wav,positive
49360aab-6070-4492-a204-34ee2abe6a40.wav,positive
cQEUPCFkSBfwuTsWap02ban51g82.wav,positive
b997dae1-4c89-47d1-827d-39f358a2fbfa.wav,positive
620ded24-220f-4ada-b032-2b5c170b279a.wav,positive
9d03d2b0-dde8-4a31-b4a8-7bb87e98750f.wav,positive
ab46097a-7d5b-47f3-aab8-222bf0043beb.wav,positive
ZpsUydPUXygszeJSVtTFjbsqoNQ2_heavy.wav,positive
HATVkqrdXhV2eIiwy5iIP7V0bjo2.wav,positive
733b0db4-aec3-4afa-a7fc-7e29e0c9403c.wav,positive
3e051a0d-5f5e-4ec6-b0e9-6a97c809cc92.wav,positive
4afec958-179d-4022-b89e-0889adf112c0.wav,positive
aa78817e-f5e3-470b-b516-6006c59fb1fa.wav,positive
bc27b4fb-a820-4296-a776-0f0943ba1455.wav,positive
6b265018-98b7-4e61-934a-74b2b0bebce9.wav,positive
train_083.wav,positive
9736398b-2034-43a8-88e1-affa632772c9.wav,positive
VQoZTPYiP1Y9pcCcfBD1yDx5bt62.wav,positive
7d4263a0-687a-4a88-a377-9c1dfd548377.wav,positive
EUjlCZyR0xMbOH31Je8knI3UdKO2.wav,positive
EUjlCZyR0xMbOH31Je8knI3UdKO2_heavy.wav,positive
train_168.wav,negative
train_039.wav,negative
bb21f0d4-57fc-4c76-9ecc-265443492efe.wav,positive
b05935c3-68d7-4a28-aea9-f92fbe295c6c.wav,positive
d6jLMHIh9wflqh7d1f7vmlpn4q53.wav,positive
S0ZhYGoCVfXWMHzPGZ41PvHYiw12.wav,positive
AVuwckF8igNbIhGwa7Ly8nxvIAi2_heavy.wav,positive
OaOT17qcMJhtsIymSrSJh12d4iE2_heavy.wav,positive
xce3uTKiuNSSnnAWLJMorxTjHzI2_heavy.wav,positive
7ffea3f0-64d3-46aa-9e2c-fd403288a325.wav,positive
37b27ce5-a134-431d-ae71-8c3c6fe273af.wav,positive
w7pdOIUnHPRfYLXVVRtIRsOjGnr2_heavy.wav,positive
47f986ff-4f1b-4518-b777-91ab450097a3.wav,positive
238fb49c-cd52-4173-8b52-5aae317015aa.wav,positive
9a334454-1786-48ab-84eb-b15b3ae62c6e.wav,positive
f6ffd0b9-8708-4a79-ba7c-1557df8ac814.wav,positive
uwgjET5xm8NHkfQt7LsUpV0xC1W2.wav,positive
Fi2lLmV3LHR5brvXs0z1JSKDvnI2.wav,positive
train_082.wav,negative
joORHxc0iCTwgP7Uh5SM5N7rnnf2_heavy.wav,positive
26c85178-d112-4398-b77c-e2be741ca1d1.wav,positive
88184a46-aac5-404c-9477-bcf62d5d9097.wav,positive
88e12b5e-5946-4d70-b2e2-20fc2d8d7d0f.wav,positive
train_178.wav,negative
f2346cf6-a972-4314-8b59-19076fad9e70.wav,positive
3ced6917-43cc-4227-8236-8e0d194008ea.wav,positive
228ad3b2-42cd-4f83-bd60-345ea42c5f34.wav,positive
AWMx6dOBlFPdjWa86wkLjsGZ6by2.wav,positive
Qcliznd3z1VdWmJOZh9nvlstTYv1_heavy.wav,positive
5e282c62-6186-4dda-a15b-52b8b59a3b8e.wav,positive
RtRqhfGUUffisj4mpxA9nTYe2cw2.wav,positive
M9CdGPOCUFPWV7KnLgvStPgjLrF3.wav,positive
0d1cb244-e3cb-404d-97f5-99592b92da44.wav,positive
VQoZTPYiP1Y9pcCcfBD1yDx5bt62_heavy.wav,positive
a96ovf71KqfbVIG8ZF5m6DaRE9Z2.wav,positive
train_175.wav,positive
a40dc9a5-b433-451e-9adc-ca98a84cc1ef.wav,positive
train_103.wav,negative
KcO2p01LdYga7563y95BkKII9Dh1.wav,positive
141ad4b1-d9b2-407d-9e48-913915c02b74.wav,positive
cf5cd8ca-484a-4ddd-ac5c-fed10d6ef23a.wav,positive
28757e31-b8f6-408c-982e-a016170ab3ef.wav,positive
xRTpzeZwMiQaC5YCnlXZeDwgcvL2.wav,positive
1d6f3f96-fb43-49e6-8c38-70586a9dc52f.wav,positive
8PvWScAB6UbnfrkQrpbqLpu7O0z1_heavy.wav,positive
eaa29e9c-8822-4425-ae74-273470eda1cd.wav,positive
3b917045-a264-4e3c-9a70-491e49448c36.wav,positive
pTWb2MrlwEVwkDAQkOFb1uh5Ddy2_heavy.wav,positive
e0bff316-8b9e-4e4e-898c-eff0923037f8.wav,positive
b75bc5f1-f19d-4b79-bf86-99dd5f7f0bc6.wav,positive
f30009b9-aeca-4e75-ba3e-66e7a83f4ffb.wav,positive
5tVbqoDLs6PZKArvhcMTZcgxruo1.wav,positive
b0ead9f4-6fe2-49fc-b4d7-6b98ec4809dd.wav,positive
BT453L7uDzL5IH0BOlDRJhWZWEL2.wav,positive
IjI3eQUHkrYdJSB4nWeXeNoryNl2_heavy.wav,positive
a0b2c39c-8a24-4984-aa0f-009f13a700c5.wav,positive
ad445255-d374-41e7-8455-4ee1f07aec05.wav,positive
b8ce7598-276c-4bc1-8385-f45ea43eb9bb.wav,positive
Hge7rEPBdLcy4ckCtvUFfl4p0Ne2.wav,positive
u9b2Qx6yTPV1J5XWC19x0GP596C3.wav,positive
f1fe5de0-4b36-4567-a2e8-6cec7584a303.wav,positive
0MVnLUuWMBdzmvRDgLvi4TRl4Zf1_heavy.wav,positive
19TcpGAeIyeLxS55XA6xxH285uz2.wav,positive
IimA0GnOm7ZR4nEr8k0kG4eaR7A3.wav,positive
aDAVgxAXQOdOakIroRdHwpL867v2_heavy.wav,positive
OaOT17qcMJhtsIymSrSJh12d4iE2.wav,positive
6a2ffeef-99c5-4765-8dac-92aec8459d79.wav,positive
Ft82dZ2O4PMuq64dPIEVik9upMr2_heavy.wav,positive
wFhImPjbZkWVRY7xDoz2PmS5X8R2_heavy.wav,positive
train_192.wav,negative
XjrvY8BduPbProBlAHGDHpD2iPa2_heavy.wav,positive
FLNZB0Us1PgOdXLJUC4tmsvRrH43.wav,positive
txGfgoOqEuPeMPnrjxaRU8i7XjU2_heavy.wav,positive
01bf156f-a8ff-48f6-9335-8a1f5bb4c1b7.wav,positive
17e623e8-7179-4805-889b-83ba37063d21.wav,positive
60863217-1ccc-4f28-b979-326564051da2.wav,positive
f7a10fb3-b805-4ed0-8a93-9b0851efe78e.wav,positive
train_021.wav,negative
train_254.wav,positive
7e3d9f84-ec39-4775-919b-fdab4aaac541.wav,positive
bd14922a-f88e-4b99-a338-360789a40b69.wav,positive
4a6db153-038f-4fea-8d60-38a0df7a87ba.wav,positive
train_130.wav,negative
TeWit59ewCYq9lQyAu8gAdUoqQc2.wav,positive
2j5I1dnLtBN8hyD149k2dZ19foE3_heavy.wav,positive
6aOGyUJRIcXSEWNRCkzUodJimux1.wav,positive
train_200.wav,negative
8c9bf810-c41f-457f-bdca-4113ea051112.wav,positive
e84f513a-6a97-4bdf-8a2e-a152ea325bc8.wav,positive
kSpAg8AzirdsL3U6KOWUFDj0pny1.wav,positive
6d9b271c-d703-4002-89f2-10d6a10595c2.wav,positive
ZzKpUtFGzsVEK7E1wsVGRftKdx93_heavy.wav,positive
train_238.wav,negative
train_046.wav,negative
d6tJkKV7x1TFBe8WNnLhvLuoXgd2.wav,positive
43cfe07c-cf76-4d97-914a-b1a1ec2c9759.wav,positive
feb52c0e-de52-4706-aded-d9dcefcea62d.wav,positive
b3add103-8854-4aba-8448-18361df4dac2.wav,positive
dFtGnzYqh1NVAwQUQ3wkysqAe3n1.wav,positive
train_266.wav,negative
train_040.wav,negative
TaoyZAahOzRoDQRxb0DtDZh8Opa2_heavy.wav,positive
0pqMnxeSybfQnGV9nHW3P69FSzE3_heavy.wav,positive
A31HJzr8ryMTgwJihXSI9PCot4j1.wav,positive
c67bffd4-1620-4f80-9b40-5661d595a5a0.wav,positive
q9AJkEfjEtQYaUFVbbFl1cN7TKH3_heavy.wav,positive
7ae1ffe1-2259-411f-8ead-6c107e01e824.wav,positive
34c2c68f-3728-4b17-91a0-2700c1b4fac5.wav,positive
train_023.wav,negative
kB7J1mRmiPbjIVTAgovzFwP5nQm1_heavy.wav,positive
18e49b6e-60e4-4eb1-8de8-e8261576dbfc.wav,positive
cf4RgKotFbYPn2HsLdxHyiChY3I2_heavy.wav,positive
1NQvmLMrJyTwrmbNwAm6wDT4wpz2_heavy.wav,positive
train_131.wav,negative
899e1600-d6dd-4afc-bb36-df672dc75c6f.wav,positive
830be54b-3557-4246-8825-e321c3ec08ab.wav,positive
4SjSzRW7o2P3lHyxHBfNRfooMun2_heavy.wav,positive
5e117d03-3fcb-41a8-bc6c-2855e9a695fe.wav,positive
gpreuyMvtSa8HJhGaliJ6E1Hwx53.wav,positive
e16268c9-dc19-43d9-b55b-b01258603ae5.wav,positive
9d691598-b7e2-4d3b-a90a-afd4ab47abad.wav,positive
65e99746-4a0c-4496-8cb0-e234ed1fa93b.wav,positive
88eed7b2-404d-4a3e-b18d-4eae00669b78.wav,positive
e2941ca7-b5eb-4c07-8e0f-af1ea01b31c3.wav,positive
OXtf0PsobreM3phUk9HmzPGaGZA3.wav,positive
0eba0c0a-5609-4777-903d-b15292798250.wav,positive
cGsyomvRhzLiAzPk98QyHu8988q2.wav,positive
120e6cbb-dff8-48c1-ae81-6d94106a7997.wav,positive
MBs72wy9MATqbupZbIaYYCzj7dg1_heavy.wav,positive
87dcbffa-7685-46d7-a67a-d16e09b33cc0.wav,positive
46723cf9-49fd-404f-b62f-6ba97019d921.wav,positive
ce2634a4-1ad5-4e79-bb90-905c03e52afb.wav,positive
train_284.wav,negative
train_155.wav,negative
HS29AHf2AIhz8129o1BTxPfaFPT2_heavy.wav,positive
731cbe07-5754-46cf-bb5c-873a670cd5d7.wav,positive
train_268.wav,negative
Kbvj1H92OLaeQy0YWHkPGvaH0hw2_heavy.wav,positive
40NRJEGpU9Vg2IFXcuqCQLiKLVz1.wav,positive
oIy4hushZORMcftMVIAxabN1QZd2.wav,positive
hte8VptUoGVFEqvHpbh5brgfcNP2_heavy.wav,positive
d0a4cbf7-263d-49f1-978d-8cf767546e3c.wav,positive
d45a1afc-57f5-4e35-935c-c7f2d4a5c914.wav,positive
q9AJkEfjEtQYaUFVbbFl1cN7TKH3.wav,positive
yTldbEFYIkOvoaY6f0elulpdzxQ2_heavy.wav,positive
7lfdqN3JS8ZUOw42lMsIHbyCajA3.wav,positive
eb74838f-26b9-457e-a4f6-3fff63ebc270.wav,positive
TlZeYdISczYnBtyApltf2DUIKcy2_heavy.wav,positive
train_077.wav,negative
6BT19A6gAlNjbtbe3EdgKQc4kkH3.wav,positive
f18061ed-dc5a-4d84-b5d6-293b374792d0.wav,positive
lN6Y7317RFS0apVdnffs95djXIj1.wav,positive
f114a26d-73cc-4065-814b-4de83dbda99b.wav,positive
0b734898-c320-4121-9dd4-b5ca89a227b6.wav,positive
train_008.wav,negative
CGXh77ubexNuv0UUmOHVCnAgurY2_heavy.wav,positive
train_216.wav,negative
47ceafde-45d9-4bb6-881a-5ef866fa908d.wav,positive
7f6db48d-de3f-4a30-bd9a-5216b0b3261b.wav,positive
Iz9X0QRimVT2R7AGhD6jZM0ryPp1_heavy.wav,positive
train_078.wav,negative
train_186.wav,negative
e35305cb-6b8a-4c37-a216-3857fab648e7.wav,positive
21db7316-4810-4156-8892-fbd4620867d4.wav,positive
ab228702-1c84-4514-8ea9-7a207b1919c9.wav,positive
train_220.wav,negative
tz1ZNXsqamf2TfVUYz3KxC4MZgi1_heavy.wav,positive
cc999a21-8602-4f04-abf9-a86fb36e3d82.wav,positive
yHDFkOJHVZTgJAab31hQ0cq9rUb2_heavy.wav,positive
train_093.wav,negative
63f4e572-e693-4265-8b77-07f552fc63e9.wav,positive
941da9ef-a286-4770-9d00-1fd4ddd8e2c7.wav,positive
dd489c88-affc-4142-ac56-752c3a433991.wav,positive
dea52ae5-cb28-4926-a15e-9d1f0eb73115.wav,positive
train_037.wav,negative
train_069.wav,negative
1510dd92-a632-48ad-b5e7-1853a9e8e61d.wav,positive
7382a3e9-33ad-4c9f-9810-480238262b65.wav,positive
57DMikLLUefbXYKeCPuxp5Wdtfr1_heavy.wav,positive
4sjgUTKdPXcgwHbPcqEtB6WA7XB3_heavy.wav,positive
gcBPC2UzklTmymsRwuBcQlCsb7k2_heavy.wav,positive
21aee478-6d13-45ea-be4d-4f29fd244798.wav,positive
3c1efb88-ebba-4dd6-8fb7-ac1fb6e78abb.wav,positive
4afa3822-6de3-4877-b5ee-2e4e7ffb9081.wav,positive
21d95211-da92-44a9-83c7-30f8d4c6d670.wav,positive
H9aG9NV6Wae3ATv7xapsyAYdIJy2_heavy.wav,positive
c261cdbc-fb1e-4444-8b68-33c920047d8c.wav,positive
FLNZB0Us1PgOdXLJUC4tmsvRrH43_heavy.wav,positive
train_149.wav,negative
a580b098-2fe2-40a9-98bf-ae623ec1cd9c.wav,positive
9ES7TwETrndwNvdJMCShXkXT7qw1_heavy.wav,positive
train_063.wav,negative
ce946dfd-6e95-4b5a-be31-480c61e670f5.wav,positive
Okal6T0guFZi4Slm4k4MEyuCnyv1.wav,positive
train_127.wav,positive
train_106.wav,positive
acf267c9-3e4b-4044-8f2f-8cb477a6e1d2.wav,positive
reAwzcyQUkglluwsQnjzUymZ3f02_heavy.wav,positive
lN6Y7317RFS0apVdnffs95djXIj1_heavy.wav,positive
e5fd8c39-5108-4aaf-b4d5-dba3f4beaa25.wav,positive
22cb791b-2eba-480f-9eb3-69018bd25a04.wav,positive
41bb08e9-6d43-41bc-bca2-a465f7dcf2f3.wav,positive
tFXAov3QpbTvPL6gzCSwAsTSFT93_heavy.wav,positive
rAWA4P9I7iYPCIvEheITe8FCRKP2.wav,positive
train_183.wav,negative
4SjSzRW7o2P3lHyxHBfNRfooMun2.wav,positive
train_196.wav,positive
wEMYsNrzUvXhlQHYnFAF6U5a0Py1.wav,positive
ef458365-a016-45ff-842a-7388a89ed774.wav,positive
2c148a1a-099b-48dd-97c2-437ecb15d430.wav,positive
1e3c046d-82f7-445e-b6c3-06441f3da506.wav,positive
20638b85-0ab9-45cc-b257-9ce9986946de.wav,positive
40de29df-7881-4cbf-9339-809f6a48ba39.wav,positive
fX1IzMBBKwXISMTgnZUFQa6o5Rh2_heavy.wav,positive
ffrNAGEUQEfL39VAP9Eau1a3UUX2.wav,positive
SmtHDspJwGYS9FYtjXd1IwsYRZc2_heavy.wav,positive
3050a1e2-d70b-4f86-9e57-f33220b8f990.wav,positive
H7CA9UCGWhXOL2ycjqtRBHNXMsk1.wav,positive
0c4da14c-7035-41b7-ade2-38aa1481c046.wav,positive
KcO2p01LdYga7563y95BkKII9Dh1_heavy.wav,positive
d994f7f6-43cc-445b-8634-ff3c038ffd53.wav,positive
gYPjun6LB5RvdkXcP83uDjCJyhN2_heavy.wav,positive
saaw7uHQJQesN9AmgKyXNFAaXB82.wav,positive
train_273.wav,negative
Y9vdHTL7XdWJVBGtktKW9gkw7yS2.wav,positive
95e40d65-5398-4dd8-bda8-5da98d06ed80.wav,positive
105d18a9-f281-4e4c-bb7d-1ad9885696c9.wav,positive
2fc8bdd5-5565-4ad3-93d9-8a238b7b8be3.wav,positive
xH2X6KXzfefgZFURY27gKT30ysR2_heavy.wav,positive
9qTEkN9zyqc9zYKt4qpsgatdTLo2.wav,positive
0sIeyohqXMOGTqPA7RiiuyJ3AOt2_heavy.wav,positive
E3nlERKGBPcSO2PjEDJ6GrRKiy73.wav,positive
9b5c3c48-7aa6-4678-ae32-dcdcb9120f97.wav,positive
NdKb06TNBJf7YHQwfJ9O6eT7fP72_heavy.wav,positive
iYwmYc9CdlSuzqGwIlXNWI6eFpm1.wav,positive
8f5531fb-5c2a-450b-b14c-4321085887d8.wav,positive
4sjgUTKdPXcgwHbPcqEtB6WA7XB3.wav,positive
wXChdMlWemXwRdX642WnX6JbYfA2.wav,positive
h5dpLhaJtJbFGAGIaxq3z2KYv1u1.wav,positive
vXpopcJJEugOInwUtJkEnHgoVhk1_heavy.wav,positive
10344906-5f7c-4d1d-93a8-56585cc33b2f.wav,positive
AlM8enXWaFZ96vN2KM98agcXJvx2.wav,positive
FJJZziCGb0bv5h7JlSKaOSXDdOH2_heavy.wav,positive
37973b58-b7bf-48f3-8c3c-8e023331ce88.wav,positive
c941e62c-e260-4ee9-959e-af91663ac58c.wav,positive
WNCUJW2QH9fEcsSUztikS1Zvoyn1.wav,positive
39dde9fb-3225-40e4-b8dd-9173f435930d.wav,positive
4a5cdc39-a64d-4df0-b9d9-42bb4683c6bb.wav,positive
JUTgBmtV3PabkG7XQANi7iHlUBy2_heavy.wav,positive
YE3Hs5yD9BeIzT8cctZEBKGJIXN2.wav,positive
qJvoAC408vP9fwBWQUAHHxKI39k1.wav,positive
P25gmf6a64UuD7XtIDeL9VQMzXb2.wav,positive
a9065bbb-d564-489d-81e9-34920ba44eab.wav,positive
6f0a2344-8d8b-4db5-b4c3-cf569ca4f7b9.wav,positive
JCUp9v6I7uNudJfxbx2MVKIJsn42.wav,positive
7f07d3ae-4566-4cf1-88d5-644469b071f8.wav,positive
Zmjv6hT2Q1VfJhGdGh9VkGmpHL03.wav,positive
7b423206-e57c-463b-a43b-c82cdb055f26.wav,positive
0bcea474-8e87-40e5-a071-a270d58997db.wav,positive
4613beb0-6e70-4cab-8eb8-470cd2d36bea.wav,positive
train_257.wav,negative
d6a6c83f-7e5d-48fd-823e-34794b28629a.wav,positive
e56ea219-e97c-45c4-8222-5ecf168445b5.wav,positive
train_223.wav,positive
YQzhlTCYjlgentYYTgVEDgNPapN2.wav,positive
train_026.wav,negative
OXtf0PsobreM3phUk9HmzPGaGZA3_heavy.wav,positive
PkfBnCa4dFYuRjEZpsvTAerF2fS2_heavy.wav,positive
train_114.wav,negative
0177b817-0ba3-498a-bc05-48bc66cc91b8.wav,positive
train_122.wav,negative
qJvoAC408vP9fwBWQUAHHxKI39k1_heavy.wav,positive
Fps26Qa60WYbR5pI15KzNKSeLXG2_heavy.wav,positive
9qTEkN9zyqc9zYKt4qpsgatdTLo2_heavy.wav,positive
train_262.wav,negative
637d6498-1d52-4860-9976-5a7a94f2a0c3.wav,positive
train_162.wav,negative
336b15df-b282-4956-bb68-548ec950bb2f.wav,positive
58970bd3-2993-4762-8b21-0c5a2937c16b.wav,positive
e7bb4543-bee0-49da-b7e6-3179d85a0b76.wav,positive
00e0a33c-6561-406e-b543-4c9f07b860f7.wav,positive
6066a3cc-5f8b-4b69-96af-167c34de6854.wav,positive
train_173.wav,positive
rCsX9988lSeyFudpTucks6czFo32_heavy.wav,positive
train_245.wav,negative
train_263.wav,negative
65f8a73e-9cf4-480f-8f4f-c31e67753ea7.wav,positive
29426ec2-55bf-4ce0-a591-bd7ea2dd9a6c.wav,positive
foSqAW8uRvWn3SsriOdFCLpNKY13.wav,positive
91678983-1d96-4390-8f09-55df6a75bb36.wav,positive
gpcoorcyfuXQZxcUFTxthUKOua03.wav,positive
BfkSf0P6WcOlQW1jfLuLKEPusF82.wav,positive
Tvdak0zflIVWdvWsNj7l9Ur0k3m1.wav,positive
f361bb71-e176-4305-bae1-3d224b9de67c.wav,positive
2089c2bd-d408-429e-9f15-138343a5cc9c.wav,positive
5287e036-c41e-4527-93de-c6cdbf1a8461.wav,positive
5a5dccc2-ce4e-4c4e-ab49-a0dcf6f4a2d0.wav,positive
XFlqN1sDBKNXyuORhVagkJnr5V33.wav,positive
d57f155d-09c7-4c77-a482-809eaa23122f.wav,positive
train_118.wav,positive
train_222.wav,negative
train_133.wav,negative
train_224.wav,positive
f9bbf4dd-6255-444b-bf5c-c33c11e7c350.wav,positive
3dcb6589-5216-4795-ae68-7faa87b6873f.wav,positive
train_260.wav,positive
khBKxUEe1rQxPqpo4pGylAZjsEt1_heavy.wav,positive
9ES7TwETrndwNvdJMCShXkXT7qw1.wav,positive
c2e62b33-aba9-4296-b6b9-80957bb97f7f.wav,positive
train_014.wav,negative
train_081.wav,negative
PkfBnCa4dFYuRjEZpsvTAerF2fS2.wav,positive
0c68c302-724f-49e0-a00c-9cbe64cd9f1d.wav,positive
P25gmf6a64UuD7XtIDeL9VQMzXb2_heavy.wav,positive
kAnUnZf9b6d4bkjJCawv0nCGJUI2_heavy.wav,positive
bae0c88f-852c-4f3f-8141-d037c777459e.wav,positive
train_105.wav,negative
BTq6ZzkM2pdcUmgtOHVP4GG5wvZ2_heavy.wav,positive
ef6d35f9-347a-4aad-9e4d-e37bd0f417f9.wav,positive
nSVDxo9HNmPPggf6WSuAGg9XU6p1.wav,positive
zbIXdZwHjgb2uDtKqIgcSnr7pyD2.wav,positive
qyoosYbdlucXoQ1cKkN9wzV6vru2_heavy.wav,positive
xRTpzeZwMiQaC5YCnlXZeDwgcvL2_heavy.wav,positive
6Tn00kNMgrhXRNTtafxIoOoodgm2_heavy.wav,positive
910d69de-4402-4922-862e-d2309e2714c8.wav,positive
xyNunpsL01N3hkRYCo7pfIkSDgf2_heavy.wav,positive
563a6cd6-55b0-4895-af02-87de034ae948.wav,positive
LTk52ATmpEVOJSTjuNtEZHJx6943_heavy.wav,positive
ZIzrdWNQK1Xhn6o6jrzSVBMdphp2.wav,positive
IHOunHyVaoO7AR6Z0QJgIa31BvS2.wav,positive
owZvvdKAOXPqHD3yXUpkORYsV0H3_heavy.wav,positive
2dc9ffdf-3dda-4e42-90c1-edc537dff27f.wav,positive
06b568b5-b9f8-4334-816c-c16009bb5de7.wav,positive
5deabe3b-8761-4ef0-8cfa-a1a21ddabc17.wav,positive
Fh3hBZZRh2UXXicTNGMei8ikbSu2_heavy.wav,positive
train_249.wav,positive
25a6fb1b-a42c-4728-a2bf-d0613e17d1d7.wav,positive
lN052zCWrOOH1v9C4wYibgJDZA62.wav,positive
be265d6b-9bc3-4499-a099-940ad4479dde.wav,positive
train_134.wav,negative
cd57GKgW74bBSqmusnCkc8bXujs2_heavy.wav,positive
BfkSf0P6WcOlQW1jfLuLKEPusF82_heavy.wav,positive
5ad7b5d3-e9b3-457a-8946-39bd3e1fe3df.wav,positive
a08d28dc-9b8d-43ae-a864-9f25be0e1718.wav,positive
60ab1646-c540-4179-ae54-ca83767edff1.wav,positive
1adc614f-9f34-451c-ac33-47a411f0a06d.wav,positive
fWuphwJwitW9dSX0gNJBZX7YnN52.wav,positive
ad19a44f-e512-46ec-980a-2eead07d68c1.wav,positive
qwN4ODyxmhSTFKJvyukaejL3Pa53.wav,positive
train_258.wav,negative
26ce1218-1d55-4f45-a0f5-643c0f92c2c2.wav,positive
train_143.wav,positive
6868da77-a36a-4fb4-afa5-aba26bd2bbd5.wav,positive
LPP0njvvovO1Wi3wq9IcMxJVyau1.wav,positive
qwN4ODyxmhSTFKJvyukaejL3Pa53_heavy.wav,positive
d0d4e84a-3692-46e2-a168-463896fb9d31.wav,positive
train_199.wav,negative
5d61957f-6865-4e0a-b666-03a928f39e92.wav,positive
lTIRUd1DocXniRDsCNkgaWMAwjI2.wav,positive
1c7b9152-fd61-4742-8da9-233dd0b93008.wav,positive
8fdUOI5UtkZBCVFXNT1a4hl3rX33_heavy.wav,positive
a5025365-abca-4ff4-a335-a692389b7553.wav,positive
3f9a82e6-93b5-4d80-b8ae-09d36929d437.wav,positive
7117304a-e59b-42c9-bea9-3c6f17b0d30e.wav,positive
5b5fb2f4-900a-4023-b4fd-c55b66dc065b.wav,positive
train_136.wav,negative
d5e56f55-97a1-417d-a724-04d6ef10830e.wav,positive
train_070.wav,negative
756d7aa4-e12a-4eb3-b119-2b8a7db0abb6.wav,positive
729d23d1-9abd-44df-8b05-22217b1ffbdf.wav,positive
41d44897-1d84-4ac9-8320-863179e900c6.wav,positive
263a8d6a-9774-4293-90bd-d68c108f1e3e.wav,positive
train_239.wav,positive
train_020.wav,negative
00357712-dd5a-4c0a-90a4-39f1f4b9d5fd.wav,positive
nC130uADRFZF5vae8qZt2qmpbpi1_heavy.wav,positive
8Vz9jwmadkRfjbwrHwGZ2MsUtcz1.wav,positive
0f8d80f9-700e-4069-924d-e15f29d7c19a.wav,positive
cf38eea8-2307-4f24-88ad-1abbedb59b25.wav,positive
260ef2a5-b9d2-41e7-afc7-bed26e7af5b9.wav,positive
4fa482c1-e2c7-402f-b383-343c18be4ccd.wav,positive
padXEGczMRRKmLRVc68rEKI142B3_heavy.wav,positive
56HPUhHPM9UEksAVgCDbQZcxsuZ2_heavy.wav,positive
train_119.wav,negative
cd04b9e5-8cd1-4356-a961-15f8f91dcf4d.wav,positive
H7CA9UCGWhXOL2ycjqtRBHNXMsk1_heavy.wav,positive
ELTqUBJoR4MPBzMZH3yL6yLMc283_heavy.wav,positive
x8PvE190nSZUtv8raWxfg76ek6p2_heavy.wav,positive
05acPS4aRGfvuOfku11Za8zve8i2.wav,positive
UnJVcWCaLzSZJS8B0YJmDwF9d143.wav,positive
022a0675-b459-479b-85ed-c88529ad9a29.wav,positive
train_244.wav,negative
train_002.wav,negative
9OS5kJE2owbo0961Ni8cqM4KJL52.wav,positive
9be1e899-f29b-4c88-871a-b71fd2b8f34a.wav,positive
d2a55629-24e2-4460-8a0a-b7065927ee07.wav,positive
train_031.wav,negative
70dbb19c-8c7a-45d4-9d2a-cd2272cc7ccb.wav,positive
dd87bf69-1802-47aa-9586-b840d685797a.wav,positive
train_080.wav,positive
f8053fc3-bc4e-403b-b9d4-14133cfe83a6.wav,positive
c8eb7e60-39c2-4d2e-ad21-855a6b3eee94.wav,positive
89155980-3cfb-4c38-9e40-f1e4095918f6.wav,positive
A58WTjeBHaSeuC3PPfLPo3RiEgt2_heavy.wav,positive
2oEWhawfKmanWlvgQfkdkmgoJ9k1.wav,positive
etg5L3iyQ3fQAyyn4uZ9jYuoUf13.wav,positive
wRIACcPu2dS0xiHj6O7O4eJXKT53.wav,positive
ef101918-6c9e-493e-bad0-a6a83923b926.wav,positive
train_073.wav,negative
e586aff4-968f-4299-b092-3e9a59472689.wav,positive
bac8326b-2652-443d-8b58-af96cdf5284d.wav,positive
4897bd07-6c6d-408f-8f5c-6390e81d1147.wav,positive
train_120.wav,negative
BDygu23lyUbBq2NlqfzRxGoMm9B2.wav,positive
f22ddcf7-6fc8-4f44-b618-65f8b5a5c74c.wav,positive
fee168b1-58b4-45ba-b2aa-f30d13e4af2f.wav,positive
train_124.wav,negative
u9b2Qx6yTPV1J5XWC19x0GP596C3_heavy.wav,positive
892ba9c4-bc94-49b2-97ce-01fa057a5386.wav,positive
ygiPwZYsKFetOejhxWXB6rKSHAf2_heavy.wav,positive
Eg9ruIHboWO7h59MkqSHGAjgZyz1_heavy.wav,positive
WW9oVXsc3XdK0oO5RdE6WiQcz4k2_heavy.wav,positive
f5a661dc-8161-4842-b1c3-cd7265896101.wav,positive
TLuM4QmyP5QZyFdkcbXWeNhWlsj1_heavy.wav,positive
a664172f-6df4-44db-bfd4-c735f1edc3e6.wav,positive
be48c56b-4a96-43f7-b45c-46d9c0dfd909.wav,positive
633e895b-139b-4836-ae1f-4bc56acde0a3.wav,positive
train_100.wav,negative
6kMlitGRc3XF2Nt13Wl3LOs4wMl1.wav,positive
182246b0-9f77-4c40-976e-3c9342619819.wav,positive
ozsqDaVIN5V2T3sCtOfpBxQm3IA2.wav,positive
6a641bd4-4cfe-4327-9413-4dd7524c9cf2.wav,positive
XpMEOhbTdsSYUjo2zsmVjnVOsoK2.wav,positive
26d7e2c7-6614-4dfc-af30-acefde8a21a9.wav,positive
oPLTYiEHMFTuruwTXpbRPnlz2mr1_heavy.wav,positive
OUFazbHbbtRTQcRP5BWBKzeZpvw1.wav,positive
b57e5d14-8c3a-415b-89a6-79befe87330c.wav,positive
1a8062b2-bdf5-45b0-96d1-c0051c983c19.wav,positive
7a985f89-ed5d-41e2-9f5d-8d8982508665.wav,positive
f6106423-2107-4296-8f2a-feab7047a322.wav,positive
0sIeyohqXMOGTqPA7RiiuyJ3AOt2.wav,positive
y6VWQQ5bW0drHBBQ74CmfwHniKo2_heavy.wav,positive
4f821c6a-6ef6-4284-abb2-8f43f570a657.wav,positive
Y635Ri3QFMcOKC0ckXgW2r0xJ422.wav,positive
36090427-bc31-487b-ae27-1b7105ce39ca.wav,positive
joORHxc0iCTwgP7Uh5SM5N7rnnf2.wav,positive
485818bf-1f57-4e01-8d9a-fe67251d14e8.wav,positive
ed3c3ea6-58a4-46d1-8b7c-1c575fb29893.wav,positive
e272246a-5c0e-4549-83b0-8330cfce867e.wav,positive
LF7wSEDpWafkz5bwtxnFuho9iWz1_heavy.wav,positive
09115490-33a9-461c-9437-d7f71be057b0.wav,positive
train_038.wav,negative
BT453L7uDzL5IH0BOlDRJhWZWEL2_heavy.wav,positive
17e61b73-e3f5-4767-b1b1-c68b7b7e40bb.wav,positive
5aa4dae0-fe23-4eb2-9d62-e6016a1c9f8a.wav,positive
xYCukI9rgMeslwjIYWheFtyZ6zk1.wav,positive
f69b1d41-57f6-4268-a8c3-dfbb214fbbeb.wav,positive
train_139.wav,negative
train_068.wav,negative
b6e2e320-f7a4-44d4-9132-ca70f786455d.wav,positive
XbOUJCUl8GWEpQpIRMvujDE1sTE2.wav,positive
249e6509-7c8a-4d27-bfba-ebad7678da63.wav,positive
4d230bec-1056-49ca-b274-c0825b924824.wav,positive
GKupow0m24SgP8whGGJBZrPbS9k2_heavy.wav,positive
BVcBPtxcv3cqEdIkhjM6YenlWtb2.wav,positive
train_158.wav,positive
OCFaQR2Fa4S8cFiEJE2HueZH0TH3_heavy.wav,positive
train_201.wav,negative
train_098.wav,positive
92b65489-6ae0-4075-a1d6-60cc11118cf5.wav,positive
UnJVcWCaLzSZJS8B0YJmDwF9d143_heavy.wav,positive
27c8a255-32ce-4162-9794-b9952945800d.wav,positive
6efeffcd-e1bb-4b58-a5d3-39f6afcfdb03.wav,positive
train_001.wav,negative
13bbc1cd-358b-4e90-9a35-31428809eb2a.wav,positive
rAWA4P9I7iYPCIvEheITe8FCRKP2_heavy.wav,positive
train_180.wav,negative
8fc1ec0d-4d46-4a76-a833-68763de21df1.wav,positive
5418a808-f17d-4985-a1eb-5d1ee3647cb0.wav,positive
ff8363d2-016d-4738-9499-4c62480886fb.wav,positive
SxFxlGEvukdQzz8w08BlXJMR5E52.wav,positive
vQA8WvDgUxM5wRLMuY92tqJCZgT2.wav,positive
ce40512b-6a1f-4a2f-9b74-4bcf246d0edb.wav,positive
train_027.wav,negative
FC4RKq4W8uRrjmin8n2BXC4SrnU2.wav,positive
QjBZv868nydJzk0ZzwgKDHSG6Q82_heavy.wav,positive
16f9b161-86c6-4af1-99cb-0ab327f10fed.wav,positive
zjVy4fN2ICMeFuBCFztx80kVtU32.wav,positive
MtXoTPXYhUaIX0skM8V3roaz2B22_heavy.wav,positive
bfa6b379-56e3-4144-ac7c-17d7269e9865.wav,positive
8adab84f-c5d1-4adb-bda4-b29b12a4cd12.wav,positive
28d4e487-0d9d-4911-951d-5de7fcb5c986.wav,positive
1d9490a3-155d-4eb5-a34d-acef154740ed.wav,positive
92TIULj0fjS6dRuCgnsgGD1SMnl2.wav,positive
YHHZYBxPHsUWYITjtMRAixs3DX42.wav,positive
YuahWhZmLgMcw3hpc83mcz06bMS2.wav,positive
5ff1afa8-c3d7-4c6e-a888-0e99948deeea.wav,positive
61924ecf-e529-41de-b3a8-626bc58e044d.wav,positive
lRsw8buO7jQSHGzSWIOPW5JboM82.wav,positive
9Wkd6QJdpBNEosMpzYhFwZjBJX92.wav,positive
train_163.wav,positive
tdqx6pwgAaeiofZLQHT82VZcUf33_heavy.wav,positive
0b03673a-28db-4e1c-aeb0-4fec88d977a1.wav,positive
jQDuUZiOBuOuEfF28lMPmnCV0OO2_heavy.wav,positive
ed432a19-0e50-4864-8cfd-8db00d940249.wav,positive
39a9cac4-e55d-400c-8322-5791683e66a8.wav,positive
beaef8a3-79bd-4a9b-a6b9-120d90b574a7.wav,positive
dc17e768-40f6-462e-99ad-80292586ac3a.wav,positive
5a783d35-fd85-43d7-9ae7-22db4f523269.wav,positive
f7c0a229-049b-49cb-a6f3-ad2b0e7bb90d.wav,positive
train_117.wav,negative
78500f29-e9c1-4abf-ad29-fb279bf359f7.wav,positive
x8PvE190nSZUtv8raWxfg76ek6p2.wav,positive
train_067.wav,negative
c8f8d9aa-0775-44c8-9a0b-3f4cc6c65639.wav,positive
AutXsDVtEcVH9ZQ58NqDunDcqZv1.wav,positive
train_233.wav,positive
HwUhcAKwJIeckUi86cbzb3sTr5m2_heavy.wav,positive
train_121.wav,negative
MwT3St0uIWhMDTJwcQIRmcFUwk62_heavy.wav,positive
6C9hfSrutjdxeM13Vdjb7Om3zez2.wav,positive
2e41a2bd-6462-407d-8078-9f7b86a54f52.wav,positive
uaUsXn0xVLYPvKNaxmTkn3WnQnM2.wav,positive
760cb050-4175-4498-817d-a9976e359c52.wav,positive
ffrNAGEUQEfL39VAP9Eau1a3UUX2_heavy.wav,positive
dDvHec65MWh2REqq5mABZJvmlXI3_heavy.wav,positive
2tzjnTx3muV7J1n2nz8oh93WNhD3_heavy.wav,positive
AlM8enXWaFZ96vN2KM98agcXJvx2_heavy.wav,positive
train_172.wav,negative
6d17c68c-4b55-4cb1-9846-f9ee4db423a9.wav,positive
0c35e382-31cd-42cb-bc87-8a84b9c52a41.wav,positive
4cd64634-5414-455d-9458-d497abe62b0f.wav,positive
9a52dd52-13e2-4547-8287-22c3a89a0ac5.wav,positive
eAH6zemkWAfsP96K8tMyZJIDvgR2.wav,positive
Y7RB11Ha8VNbBDjGoYVuIxnpYKA2_heavy.wav,positive
a7a5c702-df32-41e5-a129-a43ec576a480.wav,positive
5aa37322-c3d3-4a00-990e-4a5ce265fbfe.wav,positive
xVC8kMuWNme6VSFOvNVT0j21Qw12_heavy.wav,positive
3af1ee7b-2411-4cb0-afb1-e49d2c9a9cad.wav,positive
ygiPwZYsKFetOejhxWXB6rKSHAf2.wav,positive
RUnaVFVJiLh22WD0dBl3TeJgmMI3.wav,positive
d4e4b900-939e-48e9-ad9f-bf9eee425303.wav,positive
rR7IyyhZigMCIvfd2q2cjaGAIXY2.wav,positive
a953b5a9-6a16-4be7-88a8-1d94d5d2c686.wav,positive
t5wo2qvXdBehDj8JuF9pGWbb3Rt1.wav,positive
968f0647-db89-45d9-beca-64a7d4b15109.wav,positive
bed70f24-2c60-43d7-bb35-5e1bbfbfcda3.wav,positive
AVbhXf3KiUf9ZmkjvWzDOxevAPH2.wav,positive
3c55e193-dc1a-46f0-95a7-f92e6f2982c7.wav,positive
7d0f7c10-c2fb-4a0b-8917-00c1bbfa9ba9.wav,positive
12121877-e33a-4cba-b63b-00b2e8433e5a.wav,positive
f6b69caf-5df4-40cf-9450-2c477c8090ff.wav,positive
gFmySpqfQ7YrYqMrmrMPO7AzmBm1.wav,positive
etg5L3iyQ3fQAyyn4uZ9jYuoUf13_heavy.wav,positive
iYwmYc9CdlSuzqGwIlXNWI6eFpm1_heavy.wav,positive
train_271.wav,negative
train_265.wav,negative
AutXsDVtEcVH9ZQ58NqDunDcqZv1_heavy.wav,positive
TeWit59ewCYq9lQyAu8gAdUoqQc2_heavy.wav,positive
train_285.wav,positive
9e7dca84-3540-447a-9446-9743d887c9aa.wav,positive
b15e97de-b733-4398-885a-5c77f8fe9f5e.wav,positive
sgYoFXPJ01ekO1Fa1ePU5OsiWda2.wav,positive
9e0490ff-2444-488a-8c01-400b958c9875.wav,positive
31euepHD0deCxTd2nJ1wzXCk5EF3.wav,positive
e389b2e1-e6a3-4b8d-a6f7-080890003015.wav,positive
6d194cdc-ba5a-40ba-8232-5bf150026c67.wav,positive
RUZ93kkyD0hJ1v7awXutr6RgF943_heavy.wav,positive
139P5XQHCAPJlxTo53QLd6FviL82.wav,positive
train_169.wav,negative
train_050.wav,positive
train_282.wav,negative
BZHvK60v1LY9cBfLvYkBkJxdfNz2.wav,positive
d89c7657-6010-4137-9ec1-c152c46790c9.wav,positive
d636f361-7528-43a9-ba25-e0db9b8ff97c.wav,positive
8e3ea887-d60f-4fa5-aa6a-fd87ca9c1d89.wav,positive
5SHNxnq02ygR1L7LRTR3gASXpHb2.wav,positive
992b0d6a-7893-47a0-b655-5bf9e476db52.wav,positive
u7b9tNSshrPFYAno8H85DgImH1B3.wav,positive
92TIULj0fjS6dRuCgnsgGD1SMnl2_heavy.wav,positive
583240d0-4e6f-4456-8894-be5a74010add.wav,positive
d3669a39-488f-41fa-8c31-3cd7d1908708.wav,positive
660afa71-ac8d-4824-b751-3d23f4dc0013.wav,positive
uwgjET5xm8NHkfQt7LsUpV0xC1W2_heavy.wav,positive
1b1f2c9b-7cfa-4eb5-837d-36ae3d647c92.wav,positive
1138a13c-52ef-49f2-82a6-19599c50a50a.wav,positive
BG1rEPoPYKUAHCYVzPrcB3I6VUn2_heavy.wav,positive
a38390a1-3293-4ec3-a17e-cf2776ae2358.wav,positive
373AihVhKDYxeUR24zNi11JavqC3.wav,positive
XwPxN3JASwgk13QZUviNawM7k0v1_heavy.wav,positive
85iNcV2z6MNT3FrygbEC4fuGrIu1.wav,positive
az5zELVN7ObicxGrBLMoX8ki1LF2_heavy.wav,positive
472f8336-5e96-4a9b-971f-21bca0979ee9.wav,positive
139P5XQHCAPJlxTo53QLd6FviL82_heavy.wav,positive
txGfgoOqEuPeMPnrjxaRU8i7XjU2.wav,positive
train_221.wav,negative
mmg71cttF0ez7wdeTZeCVFw7GV32_heavy.wav,positive
d299cadd-d426-4d7c-ac8d-037e25fa2c9a.wav,positive
6T43bddKoKfG7MwnJWvrPZSsyrc2_heavy.wav,positive
rB4ewmXSc9P5IPhLffnBasjYU1s2.wav,positive
244757ee-75ad-4cdd-938e-a0646aaf4290.wav,positive
kJgpo7TKalNlTkZBRs2KHyPc4us1.wav,positive
7465377a-8963-4a0e-bd1b-92a8924b1ccb.wav,positive
f89ce6e7-5b0d-491f-8a69-c1c8c98166be.wav,positive
215cf805-8e9a-44ee-8721-20db30e34e3d.wav,positive
fWuphwJwitW9dSX0gNJBZX7YnN52_heavy.wav,positive
train_030.wav,negative
b392ae80-f91a-4a78-bad3-2e8a8c8130d2.wav,positive
197fd3fd-2c59-41b3-836a-8c9d51b3fbb0.wav,positive
DGWrVMD5yZc5jcjMzblC4kaBLmK2_heavy.wav,positive
train_214.wav,positive
32ba514c-b6e5-45a5-a62d-a4555084e3ed.wav,positive
68be5313-193c-42ca-acdc-f6f93c9c1126.wav,positive
train_076.wav,negative
6954d463-42a7-4d2a-a1c1-c20376224604.wav,positive
train_059.wav,negative
RcKXXiJlW3ZJC73zJPmEsrxSJVV2.wav,positive
FzJhVfH5jFOJ4hf1CWLSQOo8csD3_heavy.wav,positive
0924c308-2cca-4ab2-8ef3-a204c349701b.wav,positive
bcaf041b-32c6-4c56-b9a3-1d76d1afc99f.wav,positive
train_250.wav,negative
train_101.wav,negative
28027420-7148-4f4f-a4d1-0884389bc6df.wav,positive
gDBsK8LcY0Om4DujIs4lFSsktWu1.wav,positive
1357788c-fd94-45ff-b31d-da0cda859731.wav,positive
eR2gfqeYAjdgzpwtCDXUqts9yIc2_heavy.wav,positive
1b9fe355-7a78-429a-9e75-a1c547506b2d.wav,positive
1c8853d4-5a0b-425e-b211-d20b2d16e35d.wav,positive
4a31db13-a871-43f8-88ed-f5f153e79fa2.wav,positive
aa059172-1850-4afe-8809-2fe79603286a.wav,positive
f6dc7637-6214-4f47-9063-3cbfb8b3b519.wav,positive
9hXEs9OejdVxG6JJGCyKQpqVvy43.wav,positive
ottC8aetxhRQfKD00RCJc5LWS622_heavy.wav,positive
5344e65e-e79c-4780-90bc-2c133d77942b.wav,positive
train_218.wav,negative
train_184.wav,negative
5c4d833f-64ac-4ec0-82d9-3327020c870f.wav,positive
train_161.wav,negative
train_164.wav,negative
5fdfbf5f-b4db-42ad-8971-275b616bcc72.wav,positive
AWMx6dOBlFPdjWa86wkLjsGZ6by2_heavy.wav,positive
RRbKCE4xfybmt8BOImiVxHfbFjO2.wav,positive
fnNx5YGGVbZ4H8HtWucxTmQlt7y1.wav,positive
poQ11Wmw16VIjjkc6dAPeAWzf962.wav,positive
Eg87yvzTcTOSRHlObK3w0ju4Ej82.wav,positive
C1h80BY2J5eZgP3UMb4PTJXyKWy2_heavy.wav,positive
tFXAov3QpbTvPL6gzCSwAsTSFT93.wav,positive
Hge7rEPBdLcy4ckCtvUFfl4p0Ne2_heavy.wav,positive
train_138.wav,negative
c52cae2c-3250-45e4-9c3a-4cfb08ef9c98.wav,positive
f42f1d8b-0ed8-4ed3-bb32-637f8c52ce5d.wav,positive
2de5a53d-4efc-4eab-90b9-d8579cdfa0aa.wav,positive
RRbKCE4xfybmt8BOImiVxHfbFjO2_heavy.wav,positive
5f32998f-bc22-45c2-a399-b28246761135.wav,positive
0258c88d-f133-4d76-8c7b-8268a0048565.wav,positive
Y0K7dqxP7WWsIjth3NfIHU9ayKO2_heavy.wav,positive
3CwioNQVDBQ6CttLyFVRJpMpVHk2.wav,positive
padXEGczMRRKmLRVc68rEKI142B3.wav,positive
ptuwF1pj4ibIoVuZmt4nKb5naiZ2_heavy.wav,positive
PoxsEOv7MmbHaY4qT3wNcK8GWrV2.wav,positive
d2728113-e256-436c-a7be-b3e846ada715.wav,positive
u4k3fup3JdfVBjA86vjrMVth3063_heavy.wav,positive
7eac138a-818b-49d3-8ff8-2facdb910b71.wav,positive
2p5hBaoMtUZmVVEH3uJLvGbe9cB3.wav,positive
train_157.wav,positive
7fa0fd6e-ae51-4bc2-a93d-973d9e7adbac.wav,positive
c34d6285-a7d7-4357-9036-cb4a5caec6f6.wav,positive
IgwjLDmZRyTv03Mq7VdUYL6O5fV2_heavy.wav,positive
62bcc06d-4a65-4500-9fcf-d1d4de1fc259.wav,positive
77fac9cb-3cbb-4509-9312-0438fab11acb.wav,positive
4ySGp3wKh0dbtEap33yRsDv3LE73.wav,positive
train_055.wav,negative
train_152.wav,negative
kAYxLXdLuqVZoyETBSaa7OKurtb2_heavy.wav,positive
187c6b84-2999-4ba8-8fe4-3b1936d10f22.wav,positive
15a0a034-354e-4637-b74c-9653763e0862.wav,positive
GBwlY1I67YdQ47ceNFdpK87kEr33.wav,positive
train_095.wav,negative
train_202.wav,positive
dbc6f669-469e-4306-acdc-f46039006148.wav,positive
e67cd4b2-b2c1-4654-b5cb-bbff69a5cf86.wav,positive
WscnqzOzFwUvHbl7MKfRcioUI9t1.wav,positive
jyxqyMzm2IXXaETlfHjV1K6ju492.wav,positive
A58WTjeBHaSeuC3PPfLPo3RiEgt2.wav,positive
274fee77-6d89-4b0f-962e-28969658b430.wav,positive
train_011.wav,negative
saaw7uHQJQesN9AmgKyXNFAaXB82_heavy.wav,positive
618fc43a-4d9d-4dad-8b68-2714b584ccc4.wav,positive
train_181.wav,negative
NAL6D2MCyQbiZUGtdQixl39IH3X2_heavy.wav,positive
train_213.wav,negative
train_049.wav,negative
IFMid2LmeCTSQAFaL8wTSUg20No2.wav,positive
Ued1DKV2NkUnzWjJcPMxA6Q261r1_heavy.wav,positive
c981bef7-8d7b-4f52-a6ef-f0368edb031e.wav,positive
akdaeGnDlhgMKnIjAhpslMiMJO43_heavy.wav,positive
LTk52ATmpEVOJSTjuNtEZHJx6943.wav,positive
5bbd361a-f7ab-4397-9eec-e76a4758489d.wav,positive
76779311-1f9c-40b5-845d-bde19b0d9c0e.wav,positive
09560dc6-bffd-4dd0-b132-b86ddbd3051c.wav,positive
d90f21db-93fc-4e29-b023-8c2fd6a02931.wav,positive
hVZQcrz6cfaOMfL3jpRqJBUiumF2_heavy.wav,positive
6ba62302-b54e-47dc-8a22-eab0bb0411c2.wav,positive
train_166.wav,negative
0nP3dtfFxhMihttAMq1eoho5KaU2.wav,positive
XULw9m5p4Xb2eWMoWDhX0AqRCfB3.wav,positive
train_102.wav,positive
46e84354-e27c-496f-ae99-fb18651aa0fc.wav,positive
6BT19A6gAlNjbtbe3EdgKQc4kkH3_heavy.wav,positive
train_236.wav,negative
d5a1411d-d312-44b1-a37d-a387ec13df1a.wav,positive
7eb443fd-ec2a-49e4-b388-8c5dc87cbdcb.wav,positive
cb3817bb-f344-4376-b3b2-4c9be6356ca8.wav,positive
GKupow0m24SgP8whGGJBZrPbS9k2.wav,positive
a74b902b-c5da-49d6-bc10-e90e509eff7d.wav,positive
2818c2d1-e833-4f62-ba16-8f564a525398.wav,positive
0pqMnxeSybfQnGV9nHW3P69FSzE3.wav,positive
4wVvP5VorLbLaHUEGcgpY2WPZYE3_heavy.wav,positive
M43FaHpw1ScIi97eG6LBx2fBaJ92_heavy.wav,positive
train_079.wav,positive
881d892d-f3a9-4409-82d3-1f43c7ce5047.wav,positive
bf7f0dd3-eaef-4912-8edc-c919fd98df62.wav,positive
36535622-407d-4226-adad-48b010e8ee83.wav,positive
b89ab627-7c66-40eb-8047-c6c6b29a1d7c.wav,positive
Fi2lLmV3LHR5brvXs0z1JSKDvnI2_heavy.wav,positive
VFeVSfoV7pM9kzFjHMA0R4rs3XB2_heavy.wav,positive
train_227.wav,negative
nSVDxo9HNmPPggf6WSuAGg9XU6p1_heavy.wav,positive
HdrqqQ7ijlPhesMLkVgZlG81nba2.wav,positive
c1d86c76-5622-4dbb-9da1-65aebf6a0f0b.wav,positive
ef86e9d1-450c-4df1-8018-038459ac4c14.wav,positive
train_150.wav,positive
VXBwsSJqsAdPR3wRmp76XFziA9f1.wav,positive
rjCqyoFoReUh6bjdZ7DTaRZLpt13.wav,positive
train_035.wav,positive
ef9e67b3-9147-494f-a855-17f2326a61f3.wav,positive
train_054.wav,positive
Zmjv6hT2Q1VfJhGdGh9VkGmpHL03_heavy.wav,positive
5c53c446-4d42-4dcf-9a2a-3c8c4a7682e1.wav,positive
train_229.wav,negative
Kj5Pw7GpqlhOhtfYKysgdFZcijG3_heavy.wav,positive
hCix5UmABWZVW40elRFgkGabPa52.wav,positive
00xKcQMmcAhX8CODgBBLOe7Dm0T2.wav,positive
c52f9edf-409b-46dc-8d99-b0b6e0e3a336.wav,positive
YKF05wLba6MKfUPRzQLyMYeCpgr2.wav,positive
tDjXrO1dI4O35JJXPL3ihLvnAzl1.wav,positive
OCFaQR2Fa4S8cFiEJE2HueZH0TH3.wav,positive
5b5e2616-1445-4c2c-a1b3-db946cbd145a.wav,positive
96eb332f-284f-4f85-a9eb-726fc3665eec.wav,positive
6kMlitGRc3XF2Nt13Wl3LOs4wMl1_heavy.wav,positive
6f72703b-d44b-441b-a859-9007263ddd37.wav,positive
05f2d808-7044-4c4b-8fbd-baff611383da.wav,positive
8ebca537-22d5-45fd-9f1c-60a58622284d.wav,positive
0b6c6e9b-7c10-4977-a281-f809b939c2e7.wav,positive
zjVy4fN2ICMeFuBCFztx80kVtU32_heavy.wav,positive
ee42cab8-6560-49b4-bb5e-bdeaa8f99751.wav,positive
c2fc880a-7b05-4c36-affe-5ffe03dbc2b4.wav,positive
ae20ca3f-5853-4e28-ad4a-b0e7ca114c57.wav,positive
YE3Hs5yD9BeIzT8cctZEBKGJIXN2_heavy.wav,positive
QBWDBFqhumZl3w2sxMa87Qm8bVt1_heavy.wav,positive
56994aa1-4626-4782-9f27-f125adfd120a.wav,positive
8b733837-961a-4f17-a18c-13b89b54ef69.wav,positive
28c76cca-15d8-490a-a785-9bbb5c21fd26.wav,positive
51a2865a-4a0c-4592-9e39-1256f1cbe401.wav,positive
train_208.wav,negative
59ce4d68-d3d6-48c8-9df7-fcd6621899d6.wav,positive
db214c02-4dab-4756-bf08-cca015ed8eff.wav,positive
7336b77f-6873-4e2c-837d-2ef925a3d33e.wav,positive
ebtxeRmhQhQ78ZtgSjN7g637e6v1.wav,positive
e58d45f3-7d6e-48e6-801b-eafc15f1ec85.wav,positive
56c781a6-214d-4968-969f-3797e3567139.wav,positive
train_048.wav,negative
g8Ytx04UPzQxX4RH4ADltVtHsuO2.wav,positive
37dac510-2e8a-47a5-b864-d229a46d72bf.wav,positive
72ab770e-a11d-4f98-8e94-7027f3f7a0ab.wav,positive
a4e8f9b8-2d40-46c7-92a2-25c5f9d9fb28.wav,positive
o8LJfYAChnd5Jv0WVa6Ni7jpHf92_heavy.wav,positive
7985c4a1-0ca1-4d36-8454-768db1b75be1.wav,positive
Y7RB11Ha8VNbBDjGoYVuIxnpYKA2.wav,positive
09856cc5-98d6-4c34-98ac-5fa30a9f05ad.wav,positive
491018d6-fe1e-4b24-9c42-70971ec93615.wav,positive
116a0485-7052-44f4-9c7f-b367ef7dba89.wav,positive
695c085f-a11f-4180-9c9d-7cec980fced9.wav,positive
1e8i6Q47ewbzrTiKqIeOLEvPv2Z2.wav,positive
525bb580-d7bc-4f91-b206-5f4890cfec0d.wav,positive
ottC8aetxhRQfKD00RCJc5LWS622.wav,positive
4qLi2eWkYGasKhmmPPiyFAGUqBr2_heavy.wav,positive
61716d56-8676-4234-8cbc-c2ea724c1405.wav,positive
b7dc909a-c1e6-4c75-b312-060b1ff136e0.wav,positive
0Js6ZUZQ9NUnu568Fh7B6mZ1R8o1.wav,positive
059eb180-bd06-4f60-aa98-8f24a2a79a0a.wav,positive
train_212.wav,negative
train_072.wav,negative
train_251.wav,negative
train_247.wav,negative
train_219.wav,negative
cd05d1d9-ed06-4fa7-b0d7-3e43c89eb45b.wav,positive
9sAOoNazDOXPars5nzlLzOwuYVW2_heavy.wav,positive
3e4f0ebc-7100-48a8-b164-4d90b8dee8db.wav,positive
train_029.wav,positive
A5KW9PXraNgckln1gnNaJnX6DvB2.wav,positive
812a0f06-9e05-459e-84fc-2654bbb8bf9c.wav,positive
LasObOSE2kQYWhWkA7WimXxhwUE2_heavy.wav,positive
707d9dbf-1621-4eac-a157-1393de750d7b.wav,positive
3e831e76-b1de-4c66-aab4-1386b2b8c8a4.wav,positive
gwg5V9vEkMYvDqW38tY5b82qYoi2_heavy.wav,positive
0379c586-c500-483c-83a6-95b63afe6931.wav,positive
1614e597-81d6-4db4-9bed-43eff6c8effc.wav,positive
vFBX63V7KXfdR1mQPqaL5I33Yhb2.wav,positive
train_036.wav,negative
Tpz3FMkc1NPmXLufylt9YVf9NQG3_heavy.wav,positive
h5e7Ff7hWON2RPULdDCxad7xpGv2.wav,positive
c2311c02-9841-47a0-954a-ff8bbfbd84ba.wav,positive
99b2dc16-7b5f-4d45-99b2-c3768262be3a.wav,positive
train_267.wav,negative
c5f4b9fe-04cd-441b-801f-ae24db6b2fc7.wav,positive
210860ed-f80a-4ae2-ae9c-2a67ff637388.wav,positive
train_074.wav,negative
8Ul16g4L9nP9lcp16BKh1X6cfhb2.wav,positive
train_088.wav,negative
98cf4fc3-ac20-4007-a227-3b89dc43a52c.wav,positive
7cd1efb7-e973-492d-8a2c-e00a42ef0d78.wav,positive
train_256.wav,negative
DiFXnzp1b5UwVXpNPKPaIH1fTWd2_heavy.wav,positive
hLVaY0Dox1bLCTAqoq0wKKOqBjc2_heavy.wav,positive
9aea1b03-9fc0-48c9-9e62-a6ac15633c03.wav,positive
48ff5e27-832e-4450-9ea5-288a0e6967db.wav,positive
35ee826c-b4e1-40ae-9873-7df156071b7b.wav,positive
08tlSbvXpAggZavIGW994adhh1m1_heavy.wav,positive
3db14b07-2720-4fa9-870a-725fda24a0bd.wav,positive
gpcoorcyfuXQZxcUFTxthUKOua03_heavy.wav,positive
6088ee03-f819-40a2-bf26-29058e301ddd.wav,positive
train_090.wav,negative
eeae6f7f-bebd-4d8f-9748-d7a59f7628d6.wav,positive
train_129.wav,negative
bd54dde8-6783-46a9-85fd-30f598257412.wav,positive
ccdb32af-58f4-4718-9f6e-eec7e0020382.wav,positive
b5a9b52c-0b40-46aa-a5b2-f39cf78ae2cd.wav,positive
ir3jqGSKT2ManVTAAzj6Ew7orBD2.wav,positive
a58896fb-dd00-46e0-a2a6-c2d25a9f13e9.wav,positive
644884a7-bae1-437d-ba03-6aa0c520d908.wav,positive
17b54f0d-2f96-4f6d-ae52-ac2e31bcc692.wav,positive
8b96fd41-6fed-4862-a308-f8dc676ad101.wav,positive
25f183d8-4c9b-473a-8288-9167f4ece263.wav,positive
2f97671c-5e6f-4a90-80c4-a54e8254ec6d.wav,positive
dQEgRb1WIAOmomgTx4amrxbQ2513.wav,positive
d7w3B2YcJ3TLx58ryhiASEtwaAu1.wav,positive
ab8ecc44-d33a-4e85-8e31-28cfe827fd17.wav,positive
gwg5V9vEkMYvDqW38tY5b82qYoi2.wav,positive
c0643c65-15f1-4f25-9f4e-d42541cca1b8.wav,positive
ad4f1929-696a-45db-89ea-265e4853c43c.wav,positive
EbWP0XeMpnbrTsljro0dOGKIell1_heavy.wav,positive
90b32b03-1f59-4583-b290-0c91814b18a5.wav,positive
ebtxeRmhQhQ78ZtgSjN7g637e6v1_heavy.wav,positive
9cefcba6-bea1-4131-a905-3d28e567344b.wav,positive
b7b6a650-3276-43fb-90b1-73134b483fb6.wav,positive
C1h80BY2J5eZgP3UMb4PTJXyKWy2.wav,positive
a3b3cdab-bfc2-4ed2-b76a-f0f0dd4723c0.wav,positive
7lfdqN3JS8ZUOw42lMsIHbyCajA3_heavy.wav,positive
1e4a8472-c9f7-4677-a92a-0e1ff412ab5b.wav,positive
38c23848-68c1-41a6-b8c8-5d0685dc0246.wav,positive
train_275.wav,negative
YpViFd6bZEaMT5i5DUd18Qh6NQI3_heavy.wav,positive
906c93d3-6615-478b-a7a1-803a5a15d360.wav,positive
ecc957af-3001-4a29-935a-32db98540746.wav,positive
train_092.wav,negative
e5e9bc03-88b3-432f-b8d1-ca8891b72912.wav,positive
kAYxLXdLuqVZoyETBSaa7OKurtb2.wav,positive
OUUxmNJuz3Wp0zoDNFdsiEtBstb2_heavy.wav,positive
train_146.wav,negative
DT3eTAupOCRU40MK7cj8ZhzCoB53_heavy.wav,positive
6ea6af0c-0f77-46d6-a65b-8df3a925d231.wav,positive
zbIXdZwHjgb2uDtKqIgcSnr7pyD2_heavy.wav,positive
1aPZz1jeoBcw9B046d504mn4cq82_heavy.wav,positive
xce3uTKiuNSSnnAWLJMorxTjHzI2.wav,positive
train_188.wav,positive
506b5606-cecb-4fba-8723-c4a2bfb8b038.wav,positive
w7pdOIUnHPRfYLXVVRtIRsOjGnr2.wav,positive
UZKdFMia0JWykTWi6T2PoXmS3nt2_heavy.wav,positive
46ab32b1-3748-4b01-853a-0f4243d089f8.wav,positive
train_137.wav,negative
d37dd5f7-dd2d-4a0e-980d-11c841a8fdd7.wav,positive
dDvHec65MWh2REqq5mABZJvmlXI3.wav,positive
cf4RgKotFbYPn2HsLdxHyiChY3I2.wav,positive
dvRr97gwv7Y34YqaccErnWcYRY53_heavy.wav,positive
c66c4702-1df1-420d-9040-49d55add222e.wav,positive
8JuoYlwoiUgaSSUUKQnB7F7fG5S2_heavy.wav,positive
Y0K7dqxP7WWsIjth3NfIHU9ayKO2.wav,positive
train_053.wav,negative
ee899936-5701-4a8f-a3ab-f3292554a148.wav,positive
661ddc1b-35d3-4e55-9136-2d13e012ab57.wav,positive
111ccb19-92b9-43e2-b44a-38cde5bf0ca5.wav,positive
75OYElXmxdQTQne9breAIqnSo7Z2.wav,positive
625e274e-feba-4139-a35f-7bedb1467cb8.wav,positive
train_234.wav,positive
a96ovf71KqfbVIG8ZF5m6DaRE9Z2_heavy.wav,positive
aHJPsm6esHeW5apkd8KAFdia9zj2.wav,positive
52de6b02-84b4-4e74-9061-983488b4e300.wav,positive
train_203.wav,negative
12360bc1-26b2-4044-a11d-fb3bf8808ce2.wav,positive
EnEYPaPTh9SeTTD55fxFRNPItqI2_heavy.wav,positive
EuEoeANAhadcy5vzBikn3LxlGKh1_heavy.wav,positive
WskcfVs2drN8OfH5xhpJUzm8bA02_heavy.wav,positive
0KSi2atlmsXNcGMfpDNzIjJSvC23_heavy.wav,positive
vFBX63V7KXfdR1mQPqaL5I33Yhb2_heavy.wav,positive
6a788632-db94-4ee4-a213-3fab71cddf8c.wav,positive
4376cf7a-db13-4730-b2bd-890bd5e5cb8b.wav,positive
5d9c941a-089f-4c65-b692-5a1bf0d091a4.wav,positive
y0TkG5sfyhadW3VSct50RTl3HN02_heavy.wav,positive
88bad32c-a9b8-427d-abb9-a9b14202805a.wav,positive
b9d3a42e-caae-49a0-87c0-9e766112ee5d.wav,positive
03d30b8b-03f8-4089-bda8-0e14deec7d82.wav,positive
acd3adc4-4f5c-4144-8dd6-3ea2063845db.wav,positive
b0965b9a-b850-4a1b-81eb-a23ee06f9a63.wav,positive
cLcriOknOebRZSFfeQlcUNYzbZL2_heavy.wav,positive
56HPUhHPM9UEksAVgCDbQZcxsuZ2.wav,positive
0fbbcd89-d79a-49ec-b207-c0f2f32d8d50.wav,positive
train_096.wav,negative
3722d824-c4bc-489d-8a8f-6bb171129e19.wav,positive
b7f28b1a-640e-4d12-9586-18b5e563ec8c.wav,positive
9dc463e5-8b7c-4cec-92fc-e03eb5f196f8.wav,positive
3be23405-2584-49fd-8f74-a22fbeeea044.wav,positive
train_189.wav,negative
WscnqzOzFwUvHbl7MKfRcioUI9t1_heavy.wav,positive
Fh3hBZZRh2UXXicTNGMei8ikbSu2.wav,positive
d8dd429e-db29-4389-96a3-e68e6d8a6b77.wav,positive
6f2e1f59-6d57-499a-8c26-978d80255271.wav,positive
EnEYPaPTh9SeTTD55fxFRNPItqI2.wav,positive
kB7J1mRmiPbjIVTAgovzFwP5nQm1.wav,positive
56ecb826-b12c-43d9-b54b-8dedede30b0f.wav,positive
2tzjnTx3muV7J1n2nz8oh93WNhD3.wav,positive
d0900d06-18dd-4fa9-94a7-7dc1e4d0f125.wav,positive
kcQhvQN6eeS8DUCNmpADYBr33h93_heavy.wav,positive
yfPjZBFWOihN0YDhKla7wWDoVCA2_heavy.wav,positive
ca19d2c6-2f15-48c7-b05c-d02914e39cfa.wav,positive
eR2gfqeYAjdgzpwtCDXUqts9yIc2.wav,positive
cc47f830-9785-4651-9756-cde2f39fb494.wav,positive
H9aG9NV6Wae3ATv7xapsyAYdIJy2.wav,positive
train_185.wav,negative
kBFDtvAVY9QYbi7YHYgd7tNpsWx1.wav,positive
a03baece-440f-4026-9705-4fcb2bc9e065.wav,positive
9OS5kJE2owbo0961Ni8cqM4KJL52_heavy.wav,positive
train_174.wav,negative
88571a5b-7d25-4373-86f8-f784dbceabec.wav,positive
ffe0658f-bade-4654-ad79-40a468aabb03.wav,positive
UXhG3vgoxkWtd4Meky1nm0sRgMV2.wav,positive
a3650065-1677-4e41-b496-984268960079.wav,positive
953e2f0c-d36f-4365-baa4-1d310ed74278.wav,positive
3d89ee73-6ff9-44bf-9e0c-7c51bdfd7ce6.wav,positive
train_010.wav,negative
oPLTYiEHMFTuruwTXpbRPnlz2mr1.wav,positive
train_232.wav,negative
80e4f0e6-37ab-4eba-831b-f139ef7f47a4.wav,positive
train_085.wav,negative
cRKKIIXiXQUgy3HHRhOoXl3Cfn93_heavy.wav,positive
fWUMPPgD78VZinzLLLwqbyTysJa2_heavy.wav,positive
train_207.wav,negative
7bff1a51-ef9b-461d-9d5f-4538d74b0fd9.wav,positive
imaxvQ1daYhtvhpulzgQy4t6VMl2.wav,positive
37347587-048a-4a1c-a100-7cf820711428.wav,positive
aa4877b2-4820-422b-affe-c3d31c1fc70a.wav,positive
bx564wHvi9d0HyJTtdi0haZuU493.wav,positive
tz1ZNXsqamf2TfVUYz3KxC4MZgi1.wav,positive
EaZfxkcnIWgsPfPW2XfFTjh7GQk2.wav,positive
Ft82dZ2O4PMuq64dPIEVik9upMr2.wav,positive
train_056.wav,positive
76a03d41-09de-4d00-b1e6-0cedf0b3dbda.wav,positive
0mGUoJiJnuhfNodzOrMwjcGftPD2.wav,positive
085c22f5-f9aa-4b42-9c20-59c67baf52a5.wav,positive
eade4e05-0fe3-4736-8a9c-35467d078113.wav,positive
train_016.wav,negative
train_126.wav,negative
a7758e1f-e7b5-42cc-a66d-99966ea8a44e.wav,positive
25896665-436f-489b-9fd4-2034b97f9404.wav,positive
2974b8ef-49f1-4390-a974-758104bd9f02.wav,positive
9hXEs9OejdVxG6JJGCyKQpqVvy43_heavy.wav,positive
eY44bQRKksTntBarwq9fRkPkA8N2.wav,positive
bx564wHvi9d0HyJTtdi0haZuU493_heavy.wav,positive
XbOUJCUl8GWEpQpIRMvujDE1sTE2_heavy.wav,positive
bd153ce6-0622-4039-a745-93cd08dab579.wav,positive
01820f7c-b953-4faf-aa13-978cfda6b08e.wav,positive
train_217.wav,positive
70450999-745c-43ec-b117-3eefa1b10476.wav,positive
46bIeJk9J8XrD4ND2IPRMQzjJBt2_heavy.wav,positive
b7mMUQm5bObj1jwGFaNyaR07pt83.wav,positive
khBKxUEe1rQxPqpo4pGylAZjsEt1.wav,positive
75OYElXmxdQTQne9breAIqnSo7Z2_heavy.wav,positive
train_141.wav,negative
OUFazbHbbtRTQcRP5BWBKzeZpvw1_heavy.wav,positive
train_043.wav,positive
32a150f7-8a0a-4c5e-b156-23552e4d58de.wav,positive
WskcfVs2drN8OfH5xhpJUzm8bA02.wav,positive
IHOunHyVaoO7AR6Z0QJgIa31BvS2_heavy.wav,positive
2j5I1dnLtBN8hyD149k2dZ19foE3.wav,positive
04f247f1-6167-4bdf-a3ba-0428a5ed07d4.wav,positive
88625752-a39a-4df2-bc30-317340830cf9.wav,positive
f4ecd395-069d-40bb-a906-342e53c74a5b.wav,positive
train_045.wav,negative
47edb277-7f3c-426d-8e14-a0385f3c1b77.wav,positive
1dd3b212-e969-4ede-a9d9-f24b711e2028.wav,positive
aa7474bf-3135-4618-bd76-ecc02530731e.wav,positive
811b0a98-9b54-4fd9-95a9-6722383e4100.wav,positive
309f7a85-57c3-4b1f-baa9-d1290d1d1b23.wav,positive
euld60aqc2OtnNoKYx9P4WDzVM92.wav,positive
7f8e60f4-5cbd-4ec6-bc73-e8ab2b6c3abd.wav,positive
b87bc9b0-61d3-49af-8765-9caaefea55c1.wav,positive
fb837635-9c86-4fde-99be-71397a5b5f48.wav,positive
Fx2gbIoPlJXrK5OD8FMeepOGlLa2.wav,positive
01672ac0-dfd5-4aaf-b57b-d6dfa411b43d.wav,positive
G5wWAa7nvkOR9QvfsAt7tsd5qa82.wav,positive
b2d806e7-37d8-4e92-8780-c7b8ed7d7b26.wav,positive
dac0608a-4e84-4a7c-a35d-6ce79180e513.wav,positive
ab4518fc-e26b-4f40-8546-cc0c1f045cc4.wav,positive
RmWwhKI8kjPi5qN9H740rfm0jHA2_heavy.wav,positive
2b4d4a2a-15d0-4eb5-be88-3ace68983962.wav,positive
train_165.wav,negative
BG1rEPoPYKUAHCYVzPrcB3I6VUn2.wav,positive
JsTOkdqknPeCRi6i63Cfu1ciuuh2_heavy.wav,positive
15f12b8d-7ba5-444e-975f-f1b26c6e75ae.wav,positive
lRsw8buO7jQSHGzSWIOPW5JboM82_heavy.wav,positive
F5zeWi4QqdP2EMOX8P1LacSKaAD2.wav,positive
VFeVSfoV7pM9kzFjHMA0R4rs3XB2.wav,positive
6b234a9d-2305-4452-826d-1a514b3cb6b2.wav,positive
d6tJkKV7x1TFBe8WNnLhvLuoXgd2_heavy.wav,positive
11371e2c-f0df-4805-baf5-0753ade8261c.wav,positive
daf72e17-3529-4037-8fee-3852396f059b.wav,positive
UhYCvhOCn2erbzJc5faN4ek3D1I2.wav,positive
train_209.wav,negative
7IeLM4Wp0tOmjNfel0c9yK9gYVV2_heavy.wav,positive
dvRr97gwv7Y34YqaccErnWcYRY53.wav,positive
train_025.wav,negative
i0EyWP227GaL7ZQRqCS0iysTxcf2_heavy.wav,positive
UZKdFMia0JWykTWi6T2PoXmS3nt2.wav,positive
train_110.wav,negative
166cf5f4-8366-41a8-8957-c38f816b33cf.wav,positive
082991fb-ee66-4970-91dd-50890f4cc9b1.wav,positive
dRk3UOvfOMXyuSEddsNcpIqqN8u2_heavy.wav,positive
8395f784-e828-4c74-a856-e49cdb1074ef.wav,positive
46f9a3c5-5610-462c-b6b4-ecc9c7dd105a.wav,positive
BVDJ00JbBEeF6oAOYJzebbGLlGY2_heavy.wav,positive
W42AKc6SZlNz1NOBAJrCpa3Io0E2_heavy.wav,positive
train_128.wav,negative
fa99038c-451c-4f8f-8455-accdb07d69b7.wav,positive
BRVYzpZ9X1TGGLnjYEHIn3VEJ5j1_heavy.wav,positive
94ad74ad-5a8c-406c-9c1a-18e281d53b9d.wav,positive
45cfa32a-1902-4668-9fe9-29148afe007a.wav,positive
wEMYsNrzUvXhlQHYnFAF6U5a0Py1_heavy.wav,positive
1e8i6Q47ewbzrTiKqIeOLEvPv2Z2_heavy.wav,positive
train_108.wav,negative
DrwbGqSB9ggZBBYhsyS1fm2YzPB2.wav,positive
2e99e2b0-fe3e-40ac-8f09-06d31261d5da.wav,positive
fdbabb79-c296-4b93-9e02-06b290916fe7.wav,positive
NVzhTN4CXebH2lQVFkBTyl6ue5h2_heavy.wav,positive
10aed3ae-9ec1-4041-bac6-90b1d4634aee.wav,positive
train_153.wav,positive
f515534f-1850-4a2a-9400-6269e7baae16.wav,positive
Kj5Pw7GpqlhOhtfYKysgdFZcijG3.wav,positive
kSpAg8AzirdsL3U6KOWUFDj0pny1_heavy.wav,positive
iZa9QuNqinWMeMTdwFstfYRpw4J3_heavy.wav,positive
3cbd8630-11c0-4df0-a8c5-5200bec45213.wav,positive
1853c64d-a058-471d-8409-84fd2afb5edd.wav,positive
14c7b709-ac4d-4aee-bdbc-ac51c11a497e.wav,positive
ab194f82-5325-432e-bc02-e8a4bc440d7f.wav,positive
6yut3EO9tXPCCY8O0VDWA5PCWYN2.wav,positive
wRIACcPu2dS0xiHj6O7O4eJXKT53_heavy.wav,positive
ADUIall6exYvek5ktU2P6pHWnza2.wav,positive
b97f011c-062b-4fdd-a65d-4f1d8ab1bd09.wav,positive
train_113.wav,negative
qyoosYbdlucXoQ1cKkN9wzV6vru2.wav,positive
d6jLMHIh9wflqh7d1f7vmlpn4q53_heavy.wav,positive
train_167.wav,negative
f99a8315-236c-483b-8222-449dea88604a.wav,positive
a75adc66-7f70-4f0f-91f7-7a2a2eac61e9.wav,positive
Cd7fkliPM2ZUM1skytvoU2vD8jK2.wav,positive
e3bc1069-6c55-448f-8d73-8d6b8aaa715a.wav,positive
vXpopcJJEugOInwUtJkEnHgoVhk1.wav,positive
7b64a96d-d5f5-4cdf-a020-c71f0c219086.wav,positive
d5e9a1af-2571-40f7-99c7-77cfe71657c5.wav,positive
XFlqN1sDBKNXyuORhVagkJnr5V33_heavy.wav,positive
812c6317-062b-45b7-a16c-d21752cc97cc.wav,positive
38cd2f39-edad-4c95-a338-c127c6ae3517.wav,positive
56ff4794-4d52-4b89-8e9c-68ab3d8d1a48.wav,positive
d7w3B2YcJ3TLx58ryhiASEtwaAu1_heavy.wav,positive
Ojcz6oRGwLdnOTR7ptVULuG4s8b2_heavy.wav,positive
yHDFkOJHVZTgJAab31hQ0cq9rUb2.wav,positive
170b6b61-2b3a-422a-ba0c-835a4fded987.wav,positive
reAwzcyQUkglluwsQnjzUymZ3f02.wav,positive
10a2bc11-50e8-461d-9de0-ef609d14f7d8.wav,positive
154161ff-1243-49c0-a377-72992b6954e3.wav,positive
train_012.wav,positive
93833a6e-c67c-4c5f-9570-6f36ac22b9e6.wav,positive
37fdf4e5-d6f0-431d-a198-28dae66a4e84.wav,positive
f3ef1b40-18e4-493e-8204-c8907c1a425d.wav,positive
VLrOagtGVFYxWiEnMVFn1BnSWHM2.wav,positive
train_142.wav,positive
pi4VnHGXBRXiKcAd1ukYE0d7As42_heavy.wav,positive
7a20fe3e-5701-451c-b5c9-b8daf5b328e3.wav,positive
a3031f29-25ac-4e9c-844c-71c1b118d144.wav,positive
c2e2039a-7bef-4430-907c-276de3fa44bb.wav,positive
6T43bddKoKfG7MwnJWvrPZSsyrc2.wav,positive
db234c88-9a58-4947-a852-d7f2584128ef.wav,positive
6eaee903-0df8-4a22-b0c6-792d838369fa.wav,positive
NY6jgqIgJtUPBYpsbpO3qhmpdft1_heavy.wav,positive
8JuoYlwoiUgaSSUUKQnB7F7fG5S2.wav,positive
e4729edf-12e5-4ba9-883e-1114c32b90f0.wav,positive
48834369-72f5-4bbb-847c-5636af5a6882.wav,positive
train_210.wav,negative
d5286bf2-cff2-40a4-8075-e198c28c8e5a.wav,positive
563ae851-f40b-490c-99c9-1acf9c269a3c.wav,positive
2vH4QMrMaMMm5oZYScY0b36Z8MC3.wav,positive
UKrkCs1fdsVnZ7EfqWJCRxvIyZ22_heavy.wav,positive
373AihVhKDYxeUR24zNi11JavqC3_heavy.wav,positive
668c6e03-edc6-45aa-98d1-429fe5bd92fa.wav,positive
814a5c9e-6174-4efa-a378-a990ac566ae2.wav,positive
LPP0njvvovO1Wi3wq9IcMxJVyau1_heavy.wav,positive
f6fe17fd-c1b9-481e-8586-b40af4b3691b.wav,positive
85iNcV2z6MNT3FrygbEC4fuGrIu1_heavy.wav,positive
train_004.wav,negative
6604cf63-454a-4b13-9fc9-95eb74566e8e.wav,positive
48aacddd-c0ea-43b3-9e80-5f38c43a348c.wav,positive
gDBsK8LcY0Om4DujIs4lFSsktWu1_heavy.wav,positive
d5c506d9-9b17-4886-b5b3-999f8ee8060a.wav,positive
train_280.wav,positive
eAH6zemkWAfsP96K8tMyZJIDvgR2_heavy.wav,positive
train_084.wav,positive
71d15d20-ef56-49dc-bf1f-8fc3699d3bab.wav,positive
e6dfe942-2d7a-4fb5-8273-6e1a3a82cc37.wav,positive
f6fd67d0-eb9d-47b4-9fc7-1e4af068d05b.wav,positive
41a9aa47-9814-4a0f-a0a3-f3d919bb893d.wav,positive
train_019.wav,positive
6223db52-6c9e-4604-b9f6-bfa4408a1c2d.wav,positive
dba6a1e3-ce39-438e-af77-9b1ce00332de.wav,positive
vKxrwOtywRNOu6bZQTR8sGj0tbv2_heavy.wav,positive
train_087.wav,negative
Eg87yvzTcTOSRHlObK3w0ju4Ej82_heavy.wav,positive
73b29e0f-daed-4b90-9ab8-5f33065f23a4.wav,positive
7d1428e9-7241-482b-8dbd-95f43a57c694.wav,positive
93e41aeb-7147-4335-874a-45fcbbe54858.wav,positive
bfb9c86e-eead-44ac-8969-ea42e869a3a3.wav,positive
4934dd77-80e0-42b9-bfc4-995b03b76450.wav,positive
b9e06a23-d76b-4164-b39a-64cd753a3c56.wav,positive
3FC5FIdqx5S5mB69VSxhduD1q0H3.wav,positive
135645f7-0fd0-4bc1-b84a-0da57a94f4fb.wav,positive
OSva8KJZQuZDquBrWQRFdEOtKFc2_heavy.wav,positive
2d28744c-a394-438b-8999-054224419c26.wav,positive
c9175625-2740-4f50-8ef0-c1a37b9688b1.wav,positive
GoGf76VxSgOiEBDUkcP7LONacII2_heavy.wav,positive
e56b40e6-935c-41c6-a04f-cfa133d69cec.wav,positive
68ce6385-d861-42f4-bb68-8f4ba99c10f6.wav,positive
NY6jgqIgJtUPBYpsbpO3qhmpdft1.wav,positive
G5kUP2QOpVSyjK6Q9rzblmTU9vW2_heavy.wav,positive
6d52febd-ec46-4c06-a47a-467611ddefdc.wav,positive
AVuwckF8igNbIhGwa7Ly8nxvIAi2.wav,positive
YA7NFQZSqwUZUJGPAh5tRe22woB2.wav,positive
5tVbqoDLs6PZKArvhcMTZcgxruo1_heavy.wav,positive
CkBv7ZLYRIcugw93mPtPkbWxC412_heavy.wav,positive
4wVvP5VorLbLaHUEGcgpY2WPZYE3.wav,positive
e2e3d4e1-3169-4f8c-a5ad-f157d97c4a40.wav,positive
2018bfea-0071-4aca-8d45-18dac4d65199.wav,positive
83c90c0f-3d84-4b60-b422-2b64630d9f7d.wav,positive
train_159.wav,positive
46c6c8ef-8b3d-42a1-b4a1-e86e6aeb1664.wav,positive
dbb52561-93ca-444e-9ff9-e61fd6c6996f.wav,positive
6yut3EO9tXPCCY8O0VDWA5PCWYN2_heavy.wav,positive
6a04b4c4-3998-496e-b4a1-209d16e27adb.wav,positive
QBWDBFqhumZl3w2sxMa87Qm8bVt1.wav,positive
4a54513d-cdcf-4ea6-8139-b0f1d33d41d8.wav,positive
bcb56997-8193-4fbb-9b15-8fcaa5fba53b.wav,positive
58a3d924-98cd-426f-9b58-cb6240b7d044.wav,positive
6Tn00kNMgrhXRNTtafxIoOoodgm2.wav,positive
660f52df-42dc-49e9-ac87-473c6db99d17.wav,positive
HK3FfcI5SyXc7CtQMaQiMQ2ia1n2_heavy.wav,positive
e5a8a140-d910-47da-b3d6-96941e084028.wav,positive
DiFXnzp1b5UwVXpNPKPaIH1fTWd2.wav,positive
e73d5a4e-b7cc-416b-8103-8aabacf3b8fe.wav,positive
train_193.wav,negative
d5908fa3-9410-4f60-ba27-a57cace776ae.wav,positive
loK2K444HrZUD8Plzr6q3i8y4Xg1_heavy.wav,positive
47b47be2-59eb-4ae8-b0ca-e4180f04896c.wav,positive
train_269.wav,negative
a7ddfa23-7296-40b5-8ab0-c44be913f5dd.wav,positive
7ddaf9c5-a0f8-489f-985b-50ec66ab5cfc.wav,positive
a6645b1d-dadc-4258-b03b-c5b3f05d519d.wav,positive
568c58f5-3a30-4166-bc06-b65f06bfcc51.wav,positive
train_112.wav,negative
a2b25d8a-94ad-4f70-adc5-20d99cb6dd93.wav,positive
uaUsXn0xVLYPvKNaxmTkn3WnQnM2_heavy.wav,positive
poQ11Wmw16VIjjkc6dAPeAWzf962_heavy.wav,positive
ZpsUydPUXygszeJSVtTFjbsqoNQ2.wav,positive
train_160.wav,negative
11119259-2361-4f55-8051-dace70fd7ccf.wav,positive
49944a66-4aa3-4986-b3de-10efa29e13d4.wav,positive
train_154.wav,negative
iS29Ewab4XQHypUcZLygL7AYH6J2.wav,positive
QFxGVP17oxZUKUsuaW0O32qFdoT2_heavy.wav,positive
OSva8KJZQuZDquBrWQRFdEOtKFc2.wav,positive
tdqx6pwgAaeiofZLQHT82VZcUf33.wav,positive
6462d540-48bc-410b-b08e-cdf0b45ee118.wav,positive
04dc09f2-896e-438b-9509-7a0f30989bc8.wav,positive
1c829cee-09e7-4c71-8148-34250eb07ecb.wav,positive
SxFxlGEvukdQzz8w08BlXJMR5E52_heavy.wav,positive
80d33bb1-d95d-4abe-b11e-df7ad945e85e.wav,positive
train_171.wav,negative
d01e80ff-c38e-4eea-8965-892086212f85.wav,positive
kJgpo7TKalNlTkZBRs2KHyPc4us1_heavy.wav,positive
e8f4b378-f21c-40a6-add1-2831323f544e.wav,positive
train_278.wav,positive
e3244803-32bb-4706-b14a-0bfb384b96de.wav,positive
train_194.wav,negative
jAP3y51Zjcd3gkB80PuRAfSXTGa2.wav,positive
ffbca476-8b35-4797-bc8a-b7f0a2f24b55.wav,positive
099f9c59-3206-438d-8fd5-be59c5337afa.wav,positive
Y9vdHTL7XdWJVBGtktKW9gkw7yS2_heavy.wav,positive
6aOGyUJRIcXSEWNRCkzUodJimux1_heavy.wav,positive
080b6119-f1ab-4337-93dd-aaccf73b4ee1.wav,positive
a41a84b6-f192-4b79-bb08-e47285cf8a4e.wav,positive
YzKbMCpZxMRoab1o1d03S6e8T5P2.wav,positive
train_022.wav,negative
jyxqyMzm2IXXaETlfHjV1K6ju492_heavy.wav,positive
0b1a540a-b6e7-4a2f-8796-28bd04554a36.wav,positive
2561c0c9-c4d4-4d63-8c8a-610d6eafe593.wav,positive
2p5hBaoMtUZmVVEH3uJLvGbe9cB3_heavy.wav,positive
M43FaHpw1ScIi97eG6LBx2fBaJ92.wav,positive
ADUIall6exYvek5ktU2P6pHWnza2_heavy.wav,positive
foSqAW8uRvWn3SsriOdFCLpNKY13_heavy.wav,positive
c30815f6-6822-4301-94e7-e0a486141137.wav,positive
86e5871f-d0ca-4ecc-8833-2771f36af22c.wav,positive
525391df-50d3-4dec-a271-27f0922ad107.wav,positive
df1f1e45-0cd3-48dc-a5fa-eb7b201ece9d.wav,positive
train_187.wav,negative
o8LJfYAChnd5Jv0WVa6Ni7jpHf92.wav,positive
t0IcY0l4PcU8VicMlC1xC3taL2E2.wav,positive
YuahWhZmLgMcw3hpc83mcz06bMS2_heavy.wav,positive
28755bd9-5000-4787-9d3f-332fe059fce2.wav,positive
8Vz9jwmadkRfjbwrHwGZ2MsUtcz1_heavy.wav,positive
N5TW03mmoXTTHqfhENFFJgSA8ni1_heavy.wav,positive
4ec974db-442e-48da-8b65-4e3ba9b90ed1.wav,positive
02aa80ef-a83b-477f-b01d-575651364b22.wav,positive
60b3c0c7-f2ef-4b5b-9e06-54c6f0e62340.wav,positive
train_228.wav,positive
RtRqhfGUUffisj4mpxA9nTYe2cw2_heavy.wav,positive
64da4ad6-4280-49a1-bd37-e35efd7837c6.wav,positive
yL9QW3T2VueXfL3yvsmXsM2hL4v1.wav,positive
b35a6d4e-6398-44d2-b68d-07a5d0585115.wav,positive
068f9715-623a-45be-a17a-055a9028b4c6.wav,positive
87cb9c68-017e-4791-bca3-648a13ee3372.wav,positive
JUTgBmtV3PabkG7XQANi7iHlUBy2.wav,positive
train_005.wav,negative
8EUkoDkeGddD0Vcnwu35XuxOhDt1_heavy.wav,positive
e95d303f-be23-421c-a60c-85f8254f3c96.wav,positive
5f0a1915-2cd5-41fb-9887-e17ab27b515e.wav,positive
u4k3fup3JdfVBjA86vjrMVth3063.wav,positive
d00aa7b7-5f75-4941-abdd-f6bda0db6997.wav,positive
KFQ0ksPwkDcLUUjbVBYWGWr9ei62.wav,positive
61ca0d5f-b27e-43fa-85d9-1fb58d2d1746.wav,positive
train_242.wav,positive
IjI3eQUHkrYdJSB4nWeXeNoryNl2.wav,positive
akdaeGnDlhgMKnIjAhpslMiMJO43.wav,positive
8942915b-8c43-42e1-9c7d-eae05f725814.wav,positive
b68a0a4e-7622-4426-875e-0dd9d6604224.wav,positive
8d8531e7-2aec-449e-9b05-377d1b517fd0.wav,positive
train_104.wav,negative
d083e174-8f63-4f8a-9d37-68d64d972592.wav,positive
kcQhvQN6eeS8DUCNmpADYBr33h93.wav,positive
8PvWScAB6UbnfrkQrpbqLpu7O0z1.wav,positive
9254bd84-4c4e-40cf-94d0-47a0bdf550ce.wav,positive
wFhImPjbZkWVRY7xDoz2PmS5X8R2.wav,positive
8e381f25-6bc9-4b5e-b221-f92e340e71b9.wav,positive
d7d929b4-8ae6-43b9-9328-2e4067de9b17.wav,positive
0837bd59-09c5-4098-afe3-4bcbfb0fb0e2.wav,positive
j8snVeVNX8arLjDPnD9NGjL7MLD3.wav,positive
oIy4hushZORMcftMVIAxabN1QZd2_heavy.wav,positive
13b55d58-ad6d-4cb4-933e-80622a4ff240.wav,positive
09126c08-5214-4723-94f1-7b654464eac0.wav,positive
3e0fc549-5b05-4405-bfd4-051e7fba7d17.wav,positive
train_225.wav,negative
9acbab91-a59a-4527-b83f-ef90bbd82dc8.wav,positive
gYPjun6LB5RvdkXcP83uDjCJyhN2.wav,positive
08tlSbvXpAggZavIGW994adhh1m1.wav,positive
DGWrVMD5yZc5jcjMzblC4kaBLmK2.wav,positive
2da2b65c-a06b-48c8-848f-fd905acb9b0a.wav,positive
sgYoFXPJ01ekO1Fa1ePU5OsiWda2_heavy.wav,positive
gxbBHDQWiSWdAnKyqT0BMuH9T2k1.wav,positive
9c36ce7d-dc4f-4046-85a9-5b9cf5e2e80b.wav,positive
dpA0EeRrtJUeKJjEuf7BL0AeTJZ2_heavy.wav,positive
ed988dfa-0bc8-409d-adea-4b44350ad946.wav,positive
c6ebf199-3968-48b2-9bed-637850498a8c.wav,positive
8e4d3ab1-5e08-424f-9146-054314535ad5.wav,positive
quF8xZxqK8NnszkwktXovmZ9fBT2_heavy.wav,positive
53325adb-0ff2-480a-8af0-fd9da2a10322.wav,positive
9d36ff56-6dbe-46ca-9d0d-c407e26436b7.wav,positive
W9VOaBOebvQ2uxduqV8wZF4ue572.wav,positive
522a43ec-3d80-43e4-97c9-c21ceb8b7a63.wav,positive
a4cc4680-8bb6-4646-b9cf-d77a4e8ada21.wav,positive
4b89c5e2-1902-4497-af7a-1eda2630656b.wav,positive
6dc3c03a-aeaa-4130-8295-c09e80895c76.wav,positive
2aa8f538-07ca-41f3-b20a-8d9e5ef24cfe.wav,positive
e5daecbd-22de-4aac-98aa-2c42b9663efe.wav,positive
rGRvBhXqS0RSBDt1aVWxqfZc0i92_heavy.wav,positive
225437cd-b025-430f-a51a-9c0e19cd372d.wav,positive
train_033.wav,positive
Z8ulmLPAsmhYfYuqUAmm6aGy5r53.wav,positive
cbbbe2c4-51c4-48e3-807d-5ad37ad220e4.wav,positive
YpViFd6bZEaMT5i5DUd18Qh6NQI3.wav,positive
MtXoTPXYhUaIX0skM8V3roaz2B22.wav,positive
hNAGUEhL2Nh7V89at3yFEjQYo6c2.wav,positive
9LeA2huuxDSLRdAnmFMquSbqJPq1.wav,positive
0dbd034b-71d1-4927-8f33-c0645f42c47a.wav,positive
EbWP0XeMpnbrTsljro0dOGKIell1.wav,positive
CRrk6OagJdebILgQWEGKDZXzi7z1_heavy.wav,positive
Cd7fkliPM2ZUM1skytvoU2vD8jK2_heavy.wav,positive
751c4649-2d74-46f1-a873-b0d40946e145.wav,positive
train_191.wav,positive
3qA9Ym3caTbMsegKE0yUvLdapHi1_heavy.wav,positive
train_034.wav,negative
tkM8UQsV2hVGrkSwelg3AyFiXoy2_heavy.wav,positive
ZaTgRbDWn9d1MMPanam0NCupVCl1.wav,positive
44d6d275-b422-4338-bda2-2d0cc203f72b.wav,positive
5fd93d38-c7aa-49db-bedb-f6913fcbb829.wav,positive
train_261.wav,negative
6ecde34e-2767-47b0-aef3-2828d4b181c7.wav,positive
2lsppspH44WH3Scc1ojisHaXJzp1.wav,positive
RUZ93kkyD0hJ1v7awXutr6RgF943.wav,positive
1ca2ce6a-3153-45b7-9a20-fab29c44e6f7.wav,positive
L9QbDvX4UtMhFOsYuh2aamY3VK23_heavy.wav,positive
train_097.wav,negative
rXIdsT1LYvhumIp3ggtlrbGPAc92.wav,positive
314e4ee9-ee77-4abc-a5fb-4e52142c57a5.wav,positive
a8ca7736-9a4f-4718-954b-eae6047128a3.wav,positive
train_259.wav,positive
74d33247-658a-45ea-a641-5b736ee5498f.wav,positive
lVHnQ9UNkAYmjNm7wL885LzpsOk2_heavy.wav,positive
031fd54a-87b5-4223-9af6-60985127fb7a.wav,positive
2e9f905a-697c-48db-883e-7e905873172f.wav,positive
d8fc622d-69af-4433-9f5d-e885f50966f9.wav,positive
SmtHDspJwGYS9FYtjXd1IwsYRZc2.wav,positive
4cfe71ea-00f2-4595-9903-85dd74968690.wav,positive
82271eee-99d2-497a-8c8c-d60bdf23a8ae.wav,positive
Uju7jUdiN7VA8j1dI3MQoktzzIV2.wav,positive
2a52dd14-574a-4fdb-b328-bdeeef579d59.wav,positive
KFQ0ksPwkDcLUUjbVBYWGWr9ei62_heavy.wav,positive
3deed1f8-085b-4531-92f1-c03ec500802a.wav,positive
05acPS4aRGfvuOfku11Za8zve8i2_heavy.wav,positive
8bb8315c-9afe-4205-911f-222c912f980e.wav,positive
JsTOkdqknPeCRi6i63Cfu1ciuuh2.wav,positive
7604e8fc-7643-4491-a57e-8711144f004d.wav,positive
IFMid2LmeCTSQAFaL8wTSUg20No2_heavy.wav,positive
BRVYzpZ9X1TGGLnjYEHIn3VEJ5j1.wav,positive
1PhqsVP6EhPzs1zx9XUsyj7nm823_heavy.wav,positive
1PhqsVP6EhPzs1zx9XUsyj7nm823.wav,positive
2bee49f1-efda-4c6d-adc4-1e54d16fa96c.wav,positive
e415b75c-2cca-46a8-a194-af2c441148d6.wav,positive
47e05445-7276-4064-99d3-ca3e96689e10.wav,positive
06b58ff7-42e9-49d8-8b56-dd82e7b18ace.wav,positive
abe342aa-1acc-40d4-8b39-b2a81ed69512.wav,positive
A5KW9PXraNgckln1gnNaJnX6DvB2_heavy.wav,positive
i0EyWP227GaL7ZQRqCS0iysTxcf2.wav,positive
lpohIzcDNEg3DR38ku43WHiCkC42_heavy.wav,positive
UJkPqAafahN2a9BGQdfC67aInu73_heavy.wav,positive
c5a4c854-9d78-4615-9fdd-519e547e972f.wav,positive
yL9QW3T2VueXfL3yvsmXsM2hL4v1_heavy.wav,positive
train_062.wav,negative
TkOj2GRygbe2J9HxfMWk02A4e7v1_heavy.wav,positive
1fd4bd15-88c4-47ae-bbe3-2434af431df5.wav,positive
train_123.wav,negative
DRoZujDy6CWVFL0UefbHEgCcD2l2_heavy.wav,positive
015576c8-2b03-4dcb-b251-78a984fe86fe.wav,positive
ac4ea2db-4fff-4a7f-a5fe-3a9ade2f1020.wav,positive
bc4e7e90-4dd2-45f6-a2a4-2c5df914000d.wav,positive
a12a101c-c947-42ff-b6b6-57852720e82e.wav,positive
zM5GsorprLYElGQ3uJwnU0g0Fwr1_heavy.wav,positive
ffyNrzu5ZGXrZ0I7MbxBwqbtIln1_heavy.wav,positive
acc6edaf-8443-4c6e-bef3-0b63fe73543e.wav,positive
a0bd7465-ae76-40cd-903b-3591ed9595db.wav,positive
d70f7518-e3e8-46f3-a4fe-fa43363f16ca.wav,positive
4f51059b-0e34-4ae8-8ea8-66630d9b147b.wav,positive
LF7wSEDpWafkz5bwtxnFuho9iWz1.wav,positive
W9VOaBOebvQ2uxduqV8wZF4ue572_heavy.wav,positive
c54e2543-7e25-4a57-83fe-6b227220d00c.wav,positive
17ff41b3-1ac5-4689-b5f1-056851201c26.wav,positive
5aa358bd-10a7-4d24-b5a7-35bc0b072ca8.wav,positive
4RTWSyPKTdc7aRr4ocbrk5m153M2_heavy.wav,positive
FzJhVfH5jFOJ4hf1CWLSQOo8csD3.wav,positive
train_089.wav,negative
983a0312-f88b-4a37-b632-d9dd5cd29407.wav,positive
quF8xZxqK8NnszkwktXovmZ9fBT2.wav,positive
IkdWn0v3dAU9eWzsf3rY8Dwgf0V2.wav,positive
MaJ7xxBo22SHULIdQjnWzrc6uCf1.wav,positive
e18b869f-b152-4fbc-b160-ae7b4bdd6957.wav,positive
y1UXzVjBZdeUxZ6fEInvyIAAS323.wav,positive
8b8c5abd-23e2-414c-8ffc-2246bc508f19.wav,positive
xgdd8l7OfrMOkvrskW5s6fxk3mg2_heavy.wav,positive
fWUMPPgD78VZinzLLLwqbyTysJa2.wav,positive
xtfp7P3edRNGnQniJlEUvTXGPoq2_heavy.wav,positive
0b0d7e10-8353-4124-a16b-bf96e405f63c.wav,positive
4ff82172-fda0-453c-80f2-1cf5aaffa8f1.wav,positive
LasObOSE2kQYWhWkA7WimXxhwUE2.wav,positive
7a222f35-cc21-4085-8202-059ef3ee15d3.wav,positive
train_003.wav,negative
CUCqq4q5SQa3fDkpraekej7fNza2_heavy.wav,positive
tPN4PkMTo3P1oQKcYXs6WIFeH3U2_heavy.wav,positive
BVDJ00JbBEeF6oAOYJzebbGLlGY2.wav,positive
4c2840ed-fd4b-4a86-b976-5cc040d6ea4e.wav,positive
8b59b5d8-78bc-4654-b0ed-895480d38449.wav,positive
db052b95-1d01-4995-a6b7-7c5be060d474.wav,positive
XULw9m5p4Xb2eWMoWDhX0AqRCfB3_heavy.wav,positive
dQEgRb1WIAOmomgTx4amrxbQ2513_heavy.wav,positive
507d85c8-ee5b-43af-be00-354159f46eaf.wav,positive
uRtWGtWi3eVHJ0JhF0ycETkX0ms2_heavy.wav,positive
D9EEvq1ksqN6PEWzIAy7Mu5e8jJ3_heavy.wav,positive
2e4d87d7-b9de-43c0-ae02-8bc985788b59.wav,positive
S0ZhYGoCVfXWMHzPGZ41PvHYiw12_heavy.wav,positive
jAP3y51Zjcd3gkB80PuRAfSXTGa2_heavy.wav,positive
VXBwsSJqsAdPR3wRmp76XFziA9f1_heavy.wav,positive
train_145.wav,negative
cbc44a45-447f-4143-b0eb-1bb44185b99a.wav,positive
777470d7-add6-492a-abed-a2282e7bc061.wav,positive
VLrOagtGVFYxWiEnMVFn1BnSWHM2_heavy.wav,positive
train_279.wav,positive
413931d3-6563-4512-a89c-b749d635b517.wav,positive
1cdc0a4b-9521-4b2d-a8b7-ee708232f594.wav,positive
train_111.wav,positive
Y635Ri3QFMcOKC0ckXgW2r0xJ422_heavy.wav,positive
train_270.wav,negative
7d2e208f-4b40-43c8-8f85-e05f9671db2c.wav,positive
d00123d0-397f-43b1-b5d6-bf4584451214.wav,positive
ecbf28e8-bb61-4a27-bd9a-1f5fd8c332d1.wav,positive
5901ccd0-350d-47cf-8a7b-a63467896ccc.wav,positive
446f549d-d178-4c5b-af5f-8b32cc67517f.wav,positive
vQA8WvDgUxM5wRLMuY92tqJCZgT2_heavy.wav,positive
FJJZziCGb0bv5h7JlSKaOSXDdOH2.wav,positive
YKF05wLba6MKfUPRzQLyMYeCpgr2_heavy.wav,positive
8fdUOI5UtkZBCVFXNT1a4hl3rX33.wav,positive
c6d2eece-2c2b-4192-939e-0096ad9e3332.wav,positive
train_277.wav,positive
v4G9xCIR9DdWAiFRSNd4XbwPUP32.wav,positive
6ZovArshO1MTe2tpxFWrHmORa2R2_heavy.wav,positive
lTIRUd1DocXniRDsCNkgaWMAwjI2_heavy.wav,positive
ZzKpUtFGzsVEK7E1wsVGRftKdx93.wav,positive
train_013.wav,negative
ca4579a8-d65b-42aa-8fdf-1108e3b0323e.wav,positive
bH6WQVvClVRDer6iOFvaGiz0luf1_heavy.wav,positive
2f63ad4e-0441-454b-a5b1-20c88f864433.wav,positive
1cef13ee-037d-49cb-bbd3-bbb44328cd91.wav,positive
4c58cf95-9b2e-4091-adaa-0ac06a355c48.wav,positive
4f6c6fa4-e708-4c9a-ac8a-7137a4a60093.wav,positive
nRH1xhm8zjOVzAPYuBMgGMQtes22.wav,positive
0e2f8fe3-12aa-464f-a4cc-312efa425b98.wav,positive
f4e51208-6dcd-46c2-b2f3-f4fa6e6f8760.wav,positive
EaZfxkcnIWgsPfPW2XfFTjh7GQk2_heavy.wav,positive
88024607-e701-4a54-adeb-c4c1ecc282f4.wav,positive
lQ1cBTWdazLLa7xWAiSCOmZ709s1.wav,positive
rB4ewmXSc9P5IPhLffnBasjYU1s2_heavy.wav,positive
c9d68f80-c9ee-4cb3-885b-f4f46fa1c8bd.wav,positive
f028405b-2f4f-4379-ba3e-acc7a69f90be.wav,positive
train_170.wav,negative
train_066.wav,positive
nsKPMVQ77PdvSk4XO3Ri21f1YeH2_heavy.wav,positive
cf999173-6a04-487d-b463-ae4b750a9fc5.wav,positive
train_024.wav,negative
train_135.wav,negative
ozsqDaVIN5V2T3sCtOfpBxQm3IA2_heavy.wav,positive
GoGf76VxSgOiEBDUkcP7LONacII2.wav,positive
7023acad-4e24-444b-b0a6-a3aa54bd321b.wav,positive
lRCJsDl0nNPtep1Lz01vxkkF3452_heavy.wav,positive
11a0ef13-989a-4262-8329-e47b254ad8e7.wav,positive
9ced5c4c-9dc3-44f0-96e7-d6b34f8716fd.wav,positive
train_006.wav,negative
8UdvlhiJqYY2AWjGtBu0Vd3SSTP2_heavy.wav,positive
a5db38cf-708c-4982-b43e-0cdf604d770b.wav,positive
e339c45d-998d-4f9b-a8f4-300a63985aa2.wav,positive
MaJ7xxBo22SHULIdQjnWzrc6uCf1_heavy.wav,positive
f67d8450-f76e-4c47-bbbe-85418e320acb.wav,positive
94a33ac9-c166-4795-9665-f7dd4f0caace.wav,positive
pWFMPFBys1bBerYz5Si4Gb8brGn1.wav,positive
015ec831-e765-44ee-aefc-10dfd95dec78.wav,positive
5ecd83b1-8a11-48e2-8a40-6c23db878d5b.wav,positive
ce8ccb5f-c7a3-48e1-839a-a9c4cd71ab3a.wav,positive
00xKcQMmcAhX8CODgBBLOe7Dm0T2_heavy.wav,positive
dbc83f8b-7906-4534-83d5-f4827287749b.wav,positive
pi4VnHGXBRXiKcAd1ukYE0d7As42.wav,positive
1f6a497a-7d48-4db2-be34-c7760e427427.wav,positive
18c36541-7566-4f46-8264-3716e2e71f30.wav,positive
e8537e2a-98b1-4ddd-8237-3835215218b4.wav,positive
train_107.wav,positive
fc09bf22-b83e-4f75-9db0-0d1180019ac2.wav,positive
cf97b7f8-de05-47f8-8a3c-d3ec1672d25f.wav,positive
2df9d90f-7616-482f-ae5a-e0c8d3ee4289.wav,positive
UXhG3vgoxkWtd4Meky1nm0sRgMV2_heavy.wav,positive
G5kUP2QOpVSyjK6Q9rzblmTU9vW2.wav,positive
aHJPsm6esHeW5apkd8KAFdia9zj2_heavy.wav,positive
train_091.wav,negative
1890bb28-0fa1-4208-bc2a-c22b3b06f419.wav,positive
0drfnqVwccT6UmgVLQEuyVglDC23_heavy.wav,positive
17aa763f-badc-46f6-a5bd-db9cbdd385ab.wav,positive
train_051.wav,positive
CkBv7ZLYRIcugw93mPtPkbWxC412.wav,positive
OUUxmNJuz3Wp0zoDNFdsiEtBstb2.wav,positive
bH6WQVvClVRDer6iOFvaGiz0luf1.wav,positive
rGRvBhXqS0RSBDt1aVWxqfZc0i92.wav,positive
92307087-a106-4fd5-919a-a92b57ffd316.wav,positive
wT7dq6w2AogoT6LyFNeKDhNSpzN2_heavy.wav,positive
train_246.wav,negative
train_283.wav,negative
train_243.wav,positive
57DMikLLUefbXYKeCPuxp5Wdtfr1.wav,positive
b1945513-b993-4398-95b8-15c742513e12.wav,positive
21ad6bc4-ecc4-4a22-b940-618bdd7ad20b.wav,positive
eY44bQRKksTntBarwq9fRkPkA8N2_heavy.wav,positive
269039d8-86f6-41b1-bec0-fb78cb375a6f.wav,positive
IkdWn0v3dAU9eWzsf3rY8Dwgf0V2_heavy.wav,positive
cc5b8aa6-355a-4f4c-bc88-4f1d5bafc5ad.wav,positive
8Ul16g4L9nP9lcp16BKh1X6cfhb2_heavy.wav,positive
train_190.wav,negative
31euepHD0deCxTd2nJ1wzXCk5EF3_heavy.wav,positive
Ued1DKV2NkUnzWjJcPMxA6Q261r1.wav,positive
Qcliznd3z1VdWmJOZh9nvlstTYv1.wav,positive
A31HJzr8ryMTgwJihXSI9PCot4j1_heavy.wav,positive
e915a529-529f-4be2-b6c0-89eb23b246ca.wav,positive
train_147.wav,negative
nsKPMVQ77PdvSk4XO3Ri21f1YeH2.wav,positive
train_252.wav,negative
UJkPqAafahN2a9BGQdfC67aInu73.wav,positive
0c181c0d-ea12-4b3c-9356-9e41f9d62a8e.wav,positive
14fb399a-c792-43e2-b852-0e776f8a34a5.wav,positive
IUMKHMLvwOWdQgn7cbonw36vNzF2_heavy.wav,positive
CGXh77ubexNuv0UUmOHVCnAgurY2.wav,positive
DT3eTAupOCRU40MK7cj8ZhzCoB53.wav,positive
83e76c73-4e06-4e49-ae0d-354e2974745f.wav,positive
tkM8UQsV2hVGrkSwelg3AyFiXoy2.wav,positive
BTq6ZzkM2pdcUmgtOHVP4GG5wvZ2.wav,positive
az5zELVN7ObicxGrBLMoX8ki1LF2.wav,positive
e8a4c9ee-66e8-473c-9f1b-40918a92a928.wav,positive
ffXE7VADnca3RAVTmQd60PrIRfk2_heavy.wav,positive
a5aeaa95-ed25-452b-b112-62c042c21b33.wav,positive
5d80da79-cf2d-4a6e-9adb-1846cc3b502c.wav,positive
6C9hfSrutjdxeM13Vdjb7Om3zez2_heavy.wav,positive
C1jXleNkfzaI6sbPJL883EGGRLj2.wav,positive
b2ef84c1-d9ab-49b7-844d-9b63fb816ee0.wav,positive
RcKXXiJlW3ZJC73zJPmEsrxSJVV2_heavy.wav,positive
F5zeWi4QqdP2EMOX8P1LacSKaAD2_heavy.wav,positive
b318cffb-62ad-4178-b00f-4fface027263.wav,positive
424f1c61-5421-4da9-b3de-70e2d706867e.wav,positive
b35c9f6c-4e1d-4c3f-a733-5905c3ee387d.wav,positive
rR7IyyhZigMCIvfd2q2cjaGAIXY2_heavy.wav,positive
30f761c8-b6fd-4e2a-bf25-0e5cde6102be.wav,positive
b5ce1668-a787-4424-841c-8f17cb05ebb5.wav,positive
3CwioNQVDBQ6CttLyFVRJpMpVHk2_heavy.wav,positive
4735aed3-46f9-44c5-91f0-ca772c541fff.wav,positive
n4iInpDT2BR5xr3Y6yNqOxvvFUm2_heavy.wav,positive
bb17ca61-9aa8-45d2-9b3e-52c53965641f.wav,positive
c98b76a0-089e-4552-8649-2804e2d95403.wav,positive
lQ1cBTWdazLLa7xWAiSCOmZ709s1_heavy.wav,positive
b1821263-6041-423f-93d6-a174d97bc4d7.wav,positive
train_264.wav,negative
0ff8a246-cc95-42fe-8e5a-4243c274793e.wav,positive
799ef10e-7b4e-482b-8ae2-87970f4aa3f7.wav,positive
6a2505b9-61a4-4fd3-81ee-c63140ab2b5e.wav,positive
c0e44dab-99ec-40a9-867c-a77cc129ecfe.wav,positive
train_151.wav,negative
1a324acb-12f7-4eef-8e8c-0c71a47280e2.wav,positive
train_042.wav,negative
uAEOVPr487bFnks4dvytsxJQZP02_heavy.wav,positive
5ec8a4a2-09ee-4e6a-b348-03f174c9f81f.wav,positive
2475fcc6-74d7-46b8-b35b-4f134d7d57bc.wav,positive
WNCUJW2QH9fEcsSUztikS1Zvoyn1_heavy.wav,positive
893804c7-991c-43b4-af56-bd2284eaeeca.wav,positive
a51c6404-cba7-4389-bd37-9a9b01ad4976.wav,positive
d57e15cf-e837-4e9e-a777-c3ee24fcb72b.wav,positive
HK3FfcI5SyXc7CtQMaQiMQ2ia1n2.wav,positive
W42AKc6SZlNz1NOBAJrCpa3Io0E2.wav,positive
8b74a7fe-3bcc-499d-8d4d-79450a050ceb.wav,positive
Ny1eG1jTBwWIudUg5hGhCchHKXC2.wav,positive
train_018.wav,negative
9LeA2huuxDSLRdAnmFMquSbqJPq1_heavy.wav,positive
2tjg2NfgJPaYdgTZRDUBhWm8F133_heavy.wav,positive
aeb567c4-529c-43c7-9075-21537e836d4d.wav,positive
train_044.wav,positive
bcb90b43-185a-4420-a4ca-dafe8f914682.wav,positive
M9CdGPOCUFPWV7KnLgvStPgjLrF3_heavy.wav,positive
pTWb2MrlwEVwkDAQkOFb1uh5Ddy2.wav,positive
y6VWQQ5bW0drHBBQ74CmfwHniKo2.wav,positive
139d0f69-4c1c-416c-933e-ab45ea42ff93.wav,positive
DrwbGqSB9ggZBBYhsyS1fm2YzPB2_heavy.wav,positive
j8snVeVNX8arLjDPnD9NGjL7MLD3_heavy.wav,positive
ZaeW7vuikQgf7984JVqXYOtUQMs2_heavy.wav,positive
4a198459-ae65-4e81-a489-1eec01708ede.wav,positive
train_007.wav,positive
train_017.wav,negative
RvmNXu1ssYaqxW3U5WXnX5aNOVU2_heavy.wav,positive
QwS7dzEJ48f6hh4eQny6ywozazg2.wav,positive
bf876d4d-6278-4daf-ade7-0b26e4596bfe.wav,positive
0be75221-126f-4971-bf65-d8c3189bfeff.wav,positive
uRtWGtWi3eVHJ0JhF0ycETkX0ms2.wav,positive
Ny1eG1jTBwWIudUg5hGhCchHKXC2_heavy.wav,positive
2de3fb8f-20a6-4fa5-8428-11cad3338d37.wav,positive
8e40d48d-8f5d-4892-8103-451b2679283f.wav,positive
ELTqUBJoR4MPBzMZH3yL6yLMc283.wav,positive
h4T9i8JwCEbfw4hzNowalt393Wp1_heavy.wav,positive
TkOj2GRygbe2J9HxfMWk02A4e7v1.wav,positive
88bec0f2-8dbd-44d5-a6c2-de1cf0646737.wav,positive
9sAOoNazDOXPars5nzlLzOwuYVW2.wav,positive
f87d25cd-c9b0-409c-be18-39a7f80f2ff0.wav,positive
49bc7b95-fbe5-4933-886e-8752b8acf842.wav,positive
9feaa48c-8ea7-40c9-a472-e759f1003711.wav,positive
f7c229bd-ed49-40d5-a1bc-837ea7b66bd0.wav,positive
train_226.wav,negative
51e2e40b-f1cd-45ba-ad05-8219c595235c.wav,positive
ea15c9f5-e77d-4b3f-803d-443a69d63eed.wav,positive
6c7893ac-4ca9-47af-8a91-fd0926dd7f39.wav,positive
3ac4c15d-fadd-430f-8866-399b9bd19adc.wav,positive
BDygu23lyUbBq2NlqfzRxGoMm9B2_heavy.wav,positive
B3QbrMswB6RosVMO4OtvlHi73Ec2.wav,positive
zGjGkKCAjkdA9S3aSreocxkWf0C2_heavy.wav,positive
PSMPpfYMQ0MPLFeOAbb43DrmiNm2.wav,positive
d8660e7e-fc21-4583-9c37-4e9ca911ad17.wav,positive
b3da744c-5595-4876-9b8c-c09a9a288bfb.wav,positive
y0TkG5sfyhadW3VSct50RTl3HN02.wav,positive
ea8024e7-cefa-4b85-81a9-7109ccb0b99e.wav,positive
Fps26Qa60WYbR5pI15KzNKSeLXG2.wav,positive
84f7f9eb-ce07-4ace-8c02-d83360a25db4.wav,positive
e18efb30-aea1-4cf9-aadb-0afe4c51c7df.wav,positive
85e287c6-9f6f-4bf7-8a39-fe36f8ce06b2.wav,positive
7c0c7e95-4a6b-4d75-b46c-6cb8cf280094.wav,positive
87836a21-bfd9-43f0-8282-0649bc7d93f0.wav,positive
afadbd6d-433c-4ffc-81da-1f0217bac43e.wav,positive
y1UXzVjBZdeUxZ6fEInvyIAAS323_heavy.wav,positive
d85d1969-896c-47ba-9f9b-540e97f922c6.wav,positive
3be5af36-9e52-465a-81a6-da1c60d350f5.wav,positive
train_237.wav,negative
BVcBPtxcv3cqEdIkhjM6YenlWtb2_heavy.wav,positive
train_255.wav,positive
QwS7dzEJ48f6hh4eQny6ywozazg2_heavy.wav,positive
5SHNxnq02ygR1L7LRTR3gASXpHb2_heavy.wav,positive
hVZQcrz6cfaOMfL3jpRqJBUiumF2.wav,positive
train_075.wav,positive
1d3f954c-8d15-4279-832b-e2487b96750f.wav,positive
ojZkyl3HYKh3UwCn9h1hOCT7Z4q2_heavy.wav,positive
c9c4445b-fbd3-4f4d-9ca2-282a669d79c4.wav,positive
tPN4PkMTo3P1oQKcYXs6WIFeH3U2.wav,positive
BauEFEXAglbZSSgJEYGF4FqluZG3_heavy.wav,positive
6aa04a12-6e9a-4b9c-80da-a9fa01fc1757.wav,positive
9cf8103f-e52d-4020-a08c-0ebd93e4b557.wav,positive
1c21cb68-6ea8-4aa1-af22-2e64007554d7.wav,positive
CA1MC050dVMX7ZOSRVYqYQKD2gF3_heavy.wav,positive
train_041.wav,negative
JCUp9v6I7uNudJfxbx2MVKIJsn42_heavy.wav,positive
CA1MC050dVMX7ZOSRVYqYQKD2gF3.wav,positive
3330de48-799b-45f9-b13d-0bfe97622003.wav,positive
pWFMPFBys1bBerYz5Si4Gb8brGn1_heavy.wav,positive
826697aa-c314-45d2-9a09-b726571ca407.wav,positive
fxKtohOugAVxds721TRXR8GVmn02.wav,positive
3c6cfda1-3fe9-403d-b5d1-7797420debe2.wav,positive
train_215.wav,positive
